idx,prompt,answer,pred,em_raw,em_norm,f1,pred_len,gold_len,overlong,format_violation,latency_ms,success,steps_pred,steps_opt,suboptimality,time_ms_per_100,rss_mb,flags,gating_enabled,retrieval.episodic.avg_latency_ms,retrieval.episodic.hit_rate_at_k,retrieval.episodic.hits,retrieval.episodic.requests,retrieval.episodic.tokens_returned,retrieval.episodic.total_k,retrieval.relational.avg_latency_ms,retrieval.relational.hit_rate_at_k,retrieval.relational.hits,retrieval.relational.requests,retrieval.relational.tokens_returned,retrieval.relational.total_k,retrieval.spatial.avg_latency_ms,retrieval.spatial.hit_rate_at_k,retrieval.spatial.hits,retrieval.spatial.requests,retrieval.spatial.tokens_returned,retrieval.spatial.total_k,gates.relational.accepts,gates.relational.aggregated,gates.relational.attempts,gates.relational.blocked_new_edges,gates.relational.inserted,gates.relational.routed_to_episodic,gates.spatial.accepts,gates.spatial.aggregated,gates.spatial.attempts,gates.spatial.blocked_new_edges,gates.spatial.inserted,gates.spatial.routed_to_episodic
0,Carol saw at the Park on Thursday. Where was Carol?,the Park,Park,0,1,0.6666666666666666,1,2,0,0,67.4693799992383,,,,,288.17967133891904,2951.33203125,pre_replay,False,0.0,0.0,0,0,0,0,0.0,0.0,0,0,0,0,0.0,0.0,0,0,0,0,0,0,0,0,0,0,0,0,0,0,0,0
1,Bob helped at the Cafe on Thursday. When was Bob at the Cafe?,Thursday,Thursday,1,1,1.0,1,1,0,0,66.89190600081929,,,,,288.17967133891904,2951.33203125,pre_replay,False,0.0,0.0,0,0,0,0,0.0,0.0,0,0,0,0,0.0,0.0,0,0,0,0,0,0,0,0,0,0,0,0,0,0,0,0
2,Carol found at the Mall on Wednesday. Who was at the Mall?,Carol,Carol.,0,1,0.0,1,1,0,1,90.46957499958808,,,,,288.17967133891904,2951.33203125,pre_replay,False,0.0,0.0,0,0,0,0,0.0,0.0,0,0,0,0,0.0,0.0,0,0,0,0,0,0,0,0,0,0,0,0,0,0,0,0
3,Dave saw at the Library on Wednesday. When was Dave at the Library?,Wednesday,Wednesday,1,1,1.0,1,1,0,0,67.53168000068399,,,,,288.17967133891904,2951.33203125,pre_replay,False,0.0,0.0,0,0,0,0,0.0,0.0,0,0,0,0,0.0,0.0,0,0,0,0,0,0,0,0,0,0,0,0,0,0,0,0
4,Alice met at the Cafe on Thursday. Who was at the Cafe?,Alice,Alice.,0,1,0.0,1,1,0,1,91.05034799722489,,,,,288.17967133891904,2951.33203125,pre_replay,False,0.0,0.0,0,0,0,0,0.0,0.0,0,0,0,0,0.0,0.0,0,0,0,0,0,0,0,0,0,0,0,0,0,0,0,0
5,Bob met at the Park on Tuesday. When was Bob at the Park?,Tuesday,Tuesday.,0,1,0.0,1,1,0,1,90.64514599958784,,,,,288.17967133891904,2951.33203125,pre_replay,False,0.0,0.0,0,0,0,0,0.0,0.0,0,0,0,0,0.0,0.0,0,0,0,0,0,0,0,0,0,0,0,0,0,0,0,0
6,Carol met at the Park on Thursday. What did Carol do?,met,met at the Park on Thursday.,0,0,0.2857142857142857,6,1,1,1,208.68465899911826,,,,,288.17967133891904,2951.33203125,pre_replay,False,0.0,0.0,0,0,0,0,0.0,0.0,0,0,0,0,0.0,0.0,0,0,0,0,0,0,0,0,0,0,0,0,0,0,0,0
7,Carol saw at the Library on Tuesday. Who was at the Library?,Carol,Carol.,0,1,0.0,1,1,0,1,90.43011500034481,,,,,288.17967133891904,2951.33203125,pre_replay,False,0.0,0.0,0,0,0,0,0.0,0.0,0,0,0,0,0.0,0.0,0,0,0,0,0,0,0,0,0,0,0,0,0,0,0,0
8,Dave met at the Mall on Wednesday. Where was Dave?,the Mall,Mall,0,1,0.6666666666666666,1,2,0,0,90.26631400047336,,,,,288.17967133891904,2951.33203125,pre_replay,False,0.0,0.0,0,0,0,0,0.0,0.0,0,0,0,0,0.0,0.0,0,0,0,0,0,0,0,0,0,0,0,0,0,0,0,0
9,Alice saw at the Park on Monday. What did Alice do?,saw,saw at the park,0,0,0.4,4,1,1,0,162.1821260014258,,,,,288.17967133891904,2951.33203125,pre_replay,False,0.0,0.0,0,0,0,0,0.0,0.0,0,0,0,0,0.0,0.0,0,0,0,0,0,0,0,0,0,0,0,0,0,0,0,0
10,Carol met at the Library on Thursday. Where was Carol?,the Library,Library,0,1,0.6666666666666666,1,2,0,0,66.58285499725025,,,,,288.17967133891904,2951.33203125,pre_replay,False,0.0,0.0,0,0,0,0,0.0,0.0,0,0,0,0,0.0,0.0,0,0,0,0,0,0,0,0,0,0,0,0,0,0,0,0
11,Alice found at the Park on Tuesday. Who was at the Park?,Alice,Alice.,0,1,0.0,1,1,0,1,90.364433999639,,,,,288.17967133891904,2951.33203125,pre_replay,False,0.0,0.0,0,0,0,0,0.0,0.0,0,0,0,0,0.0,0.0,0,0,0,0,0,0,0,0,0,0,0,0,0,0,0,0
12,Alice saw at the Park on Wednesday. What did Alice do?,saw,Saw at the park.,0,0,0.0,4,1,1,1,184.90894999922602,,,,,288.17967133891904,2951.33203125,pre_replay,False,0.0,0.0,0,0,0,0,0.0,0.0,0,0,0,0,0.0,0.0,0,0,0,0,0,0,0,0,0,0,0,0,0,0,0,0
13,Dave helped at the Library on Tuesday. Where was Dave?,the Library,Library,0,1,0.6666666666666666,1,2,0,0,66.45803399806027,,,,,288.17967133891904,2951.33203125,pre_replay,False,0.0,0.0,0,0,0,0,0.0,0.0,0,0,0,0,0.0,0.0,0,0,0,0,0,0,0,0,0,0,0,0,0,0,0,0
14,Dave saw at the Mall on Wednesday. Who was at the Mall?,Dave,Dave.,0,1,0.0,1,1,0,1,90.87734700005967,,,,,288.17967133891904,2951.33203125,pre_replay,False,0.0,0.0,0,0,0,0,0.0,0.0,0,0,0,0,0.0,0.0,0,0,0,0,0,0,0,0,0,0,0,0,0,0,0,0
15,Dave helped at the Park on Thursday. Where was Dave?,the Park,Park.,0,1,0.0,1,2,0,1,90.62072600136162,,,,,288.17967133891904,2951.33203125,pre_replay,False,0.0,0.0,0,0,0,0,0.0,0.0,0,0,0,0,0.0,0.0,0,0,0,0,0,0,0,0,0,0,0,0,0,0,0,0
16,Dave found at the Mall on Tuesday. Where was Dave?,the Mall,Mall,0,1,0.6666666666666666,1,2,0,0,90.11050299886847,,,,,288.17967133891904,2951.33203125,pre_replay,False,0.0,0.0,0,0,0,0,0.0,0.0,0,0,0,0,0.0,0.0,0,0,0,0,0,0,0,0,0,0,0,0,0,0,0,0
17,Alice found at the Cafe on Wednesday. Who was at the Cafe?,Alice,Alice.,0,1,0.0,1,1,0,1,90.3067339968402,,,,,288.17967133891904,2951.33203125,pre_replay,False,0.0,0.0,0,0,0,0,0.0,0.0,0,0,0,0,0.0,0.0,0,0,0,0,0,0,0,0,0,0,0,0,0,0,0,0
18,Dave saw at the Cafe on Thursday. What did Dave do?,saw,saw at the Cafe on Thursday.,0,0,0.2857142857142857,6,1,1,1,232.37095900185523,,,,,288.17967133891904,2951.33203125,pre_replay,False,0.0,0.0,0,0,0,0,0.0,0.0,0,0,0,0,0.0,0.0,0,0,0,0,0,0,0,0,0,0,0,0,0,0,0,0
19,Bob helped at the Cafe on Thursday. What did Bob do?,helped,helped at the Cafe,0,0,0.4,4,1,1,0,161.97301400097786,,,,,288.17967133891904,2951.33203125,pre_replay,False,0.0,0.0,0,0,0,0,0.0,0.0,0,0,0,0,0.0,0.0,0,0,0,0,0,0,0,0,0,0,0,0,0,0,0,0
20,Carol met at the Library on Monday. When was Carol at the Library?,Monday,Monday.,0,1,0.0,1,1,0,1,93.35960899989004,,,,,288.17967133891904,2951.33203125,pre_replay,False,0.0,0.0,0,0,0,0,0.0,0.0,0,0,0,0,0.0,0.0,0,0,0,0,0,0,0,0,0,0,0,0,0,0,0,0
21,Dave met at the Mall on Thursday. Who was at the Mall?,Dave,Dave.,0,1,0.0,1,1,0,1,90.36070500224014,,,,,288.17967133891904,2951.33203125,pre_replay,False,0.0,0.0,0,0,0,0,0.0,0.0,0,0,0,0,0.0,0.0,0,0,0,0,0,0,0,0,0,0,0,0,0,0,0,0
22,Bob saw at the Cafe on Thursday. When was Bob at the Cafe?,Thursday,Thursday,1,1,1.0,1,1,0,0,66.6254649986513,,,,,288.17967133891904,2951.33203125,pre_replay,False,0.0,0.0,0,0,0,0,0.0,0.0,0,0,0,0,0.0,0.0,0,0,0,0,0,0,0,0,0,0,0,0,0,0,0,0
23,Carol helped at the Cafe on Thursday. Where was Carol?,the Cafe,Cafe,0,1,0.6666666666666666,1,2,0,0,90.09934300047462,,,,,288.17967133891904,2951.33203125,pre_replay,False,0.0,0.0,0,0,0,0,0.0,0.0,0,0,0,0,0.0,0.0,0,0,0,0,0,0,0,0,0,0,0,0,0,0,0,0
24,Bob met at the Cafe on Wednesday. What did Bob do?,met,met at the Cafe on Wednesday,0,0,0.2857142857142857,6,1,1,0,185.55630300033954,,,,,288.17967133891904,2951.33203125,pre_replay,False,0.0,0.0,0,0,0,0,0.0,0.0,0,0,0,0,0.0,0.0,0,0,0,0,0,0,0,0,0,0,0,0,0,0,0,0
25,Alice saw at the Mall on Tuesday. Who was at the Mall?,Alice,Alice.,0,1,0.0,1,1,0,1,90.542784997524,,,,,288.17967133891904,2951.33203125,pre_replay,False,0.0,0.0,0,0,0,0,0.0,0.0,0,0,0,0,0.0,0.0,0,0,0,0,0,0,0,0,0,0,0,0,0,0,0,0
26,Dave helped at the Mall on Thursday. What did Dave do?,helped,Helped at the Mall.,0,0,0.0,4,1,1,1,185.36399200093,,,,,288.17967133891904,2951.33203125,pre_replay,False,0.0,0.0,0,0,0,0,0.0,0.0,0,0,0,0,0.0,0.0,0,0,0,0,0,0,0,0,0,0,0,0,0,0,0,0
27,Bob helped at the Park on Thursday. Who was at the Park?,Bob,Bob was at the Park on Thursday.,0,0,0.25,7,1,1,1,234.79849100112915,,,,,288.17967133891904,2951.33203125,pre_replay,False,0.0,0.0,0,0,0,0,0.0,0.0,0,0,0,0,0.0,0.0,0,0,0,0,0,0,0,0,0,0,0,0,0,0,0,0
28,Bob met at the Cafe on Thursday. Where was Bob?,the Cafe,Cafe,0,1,0.6666666666666666,1,2,0,0,90.85270699870307,,,,,288.17967133891904,2951.33203125,pre_replay,False,0.0,0.0,0,0,0,0,0.0,0.0,0,0,0,0,0.0,0.0,0,0,0,0,0,0,0,0,0,0,0,0,0,0,0,0
29,Bob met at the Mall on Wednesday. When was Bob at the Mall?,Wednesday,Wednesday.,0,1,0.0,1,1,0,1,90.69039600217366,,,,,288.17967133891904,2951.33203125,pre_replay,False,0.0,0.0,0,0,0,0,0.0,0.0,0,0,0,0,0.0,0.0,0,0,0,0,0,0,0,0,0,0,0,0,0,0,0,0
30,Carol met at the Cafe on Monday. Who was at the Cafe?,Carol,Carol was at the Cafe.,0,0,0.33333333333333337,5,1,1,1,185.26702099916292,,,,,288.17967133891904,2951.33203125,pre_replay,False,0.0,0.0,0,0,0,0,0.0,0.0,0,0,0,0,0.0,0.0,0,0,0,0,0,0,0,0,0,0,0,0,0,0,0,0
31,Dave found at the Mall on Thursday. What did Dave do?,found,Found at the Mall on Thursday.,0,0,0.0,6,1,1,1,209.22746200085385,,,,,288.17967133891904,2951.33203125,pre_replay,False,0.0,0.0,0,0,0,0,0.0,0.0,0,0,0,0,0.0,0.0,0,0,0,0,0,0,0,0,0,0,0,0,0,0,0,0
32,Bob saw at the Cafe on Thursday. What did Bob do?,saw,saw at the Cafe on Thursday.,0,0,0.2857142857142857,6,1,1,1,233.43946399836568,,,,,288.17967133891904,2951.33203125,pre_replay,False,0.0,0.0,0,0,0,0,0.0,0.0,0,0,0,0,0.0,0.0,0,0,0,0,0,0,0,0,0,0,0,0,0,0,0,0
33,Bob found at the Library on Monday. What did Bob do?,found,Found at the library on Monday.,0,0,0.0,6,1,1,1,209.06832100081374,,,,,288.17967133891904,2951.33203125,pre_replay,False,0.0,0.0,0,0,0,0,0.0,0.0,0,0,0,0,0.0,0.0,0,0,0,0,0,0,0,0,0,0,0,0,0,0,0,0
34,Dave helped at the Cafe on Wednesday. Where was Dave?,the Cafe,Cafe,0,1,0.6666666666666666,1,2,0,0,90.12269300001208,,,,,288.17967133891904,2951.33203125,pre_replay,False,0.0,0.0,0,0,0,0,0.0,0.0,0,0,0,0,0.0,0.0,0,0,0,0,0,0,0,0,0,0,0,0,0,0,0,0
35,Dave helped at the Park on Monday. Where was Dave?,the Park,The Park.,0,1,0.0,2,2,0,1,113.93403300098726,,,,,288.17967133891904,2951.33203125,pre_replay,False,0.0,0.0,0,0,0,0,0.0,0.0,0,0,0,0,0.0,0.0,0,0,0,0,0,0,0,0,0,0,0,0,0,0,0,0
36,Bob met at the Cafe on Monday. When was Bob at the Cafe?,Monday,Monday,1,1,1.0,1,1,0,0,67.21182799810776,,,,,288.17967133891904,2951.33203125,pre_replay,False,0.0,0.0,0,0,0,0,0.0,0.0,0,0,0,0,0.0,0.0,0,0,0,0,0,0,0,0,0,0,0,0,0,0,0,0
37,Alice found at the Cafe on Monday. When was Alice at the Cafe?,Monday,Monday,1,1,1.0,1,1,0,0,66.93532600183971,,,,,288.17967133891904,2951.33203125,pre_replay,False,0.0,0.0,0,0,0,0,0.0,0.0,0,0,0,0,0.0,0.0,0,0,0,0,0,0,0,0,0,0,0,0,0,0,0,0
38,Carol found at the Library on Monday. When was Carol at the Library?,Monday,Monday,1,1,1.0,1,1,0,0,66.78705599915702,,,,,288.17967133891904,2951.33203125,pre_replay,False,0.0,0.0,0,0,0,0,0.0,0.0,0,0,0,0,0.0,0.0,0,0,0,0,0,0,0,0,0,0,0,0,0,0,0,0
39,Carol helped at the Cafe on Tuesday. What did Carol do?,helped,helped at the Cafe,0,0,0.4,4,1,1,0,161.56504200262134,,,,,288.17967133891904,2951.33203125,pre_replay,False,0.0,0.0,0,0,0,0,0.0,0.0,0,0,0,0,0.0,0.0,0,0,0,0,0,0,0,0,0,0,0,0,0,0,0,0
40,Dave saw at the Library on Tuesday. Where was Dave?,the Library,Library,0,1,0.6666666666666666,1,2,0,0,69.19578800079762,,,,,288.17967133891904,2951.33203125,pre_replay,False,0.0,0.0,0,0,0,0,0.0,0.0,0,0,0,0,0.0,0.0,0,0,0,0,0,0,0,0,0,0,0,0,0,0,0,0
41,Carol saw at the Library on Thursday. Where was Carol?,the Library,Library,0,1,0.6666666666666666,1,2,0,0,66.3270030017884,,,,,288.17967133891904,2951.33203125,pre_replay,False,0.0,0.0,0,0,0,0,0.0,0.0,0,0,0,0,0.0,0.0,0,0,0,0,0,0,0,0,0,0,0,0,0,0,0,0
42,Carol found at the Park on Tuesday. Who was at the Park?,Carol,Carol,1,1,1.0,1,1,0,0,66.62584500008961,,,,,288.17967133891904,2951.33203125,pre_replay,False,0.0,0.0,0,0,0,0,0.0,0.0,0,0,0,0,0.0,0.0,0,0,0,0,0,0,0,0,0,0,0,0,0,0,0,0
43,Bob saw at the Library on Monday. Who was at the Library?,Bob,Bob was at the Library.,0,0,0.33333333333333337,5,1,1,1,185.3226419989369,,,,,288.17967133891904,2951.33203125,pre_replay,False,0.0,0.0,0,0,0,0,0.0,0.0,0,0,0,0,0.0,0.0,0,0,0,0,0,0,0,0,0,0,0,0,0,0,0,0
44,Alice helped at the Library on Monday. When was Alice at the Library?,Monday,Monday.,0,1,0.0,1,1,0,1,90.71371600293787,,,,,288.17967133891904,2951.33203125,pre_replay,False,0.0,0.0,0,0,0,0,0.0,0.0,0,0,0,0,0.0,0.0,0,0,0,0,0,0,0,0,0,0,0,0,0,0,0,0
45,Dave found at the Cafe on Tuesday. What did Dave do?,found,Found at the Cafe on Tuesday.,0,0,0.0,6,1,1,1,208.78468000228168,,,,,288.17967133891904,2951.33203125,pre_replay,False,0.0,0.0,0,0,0,0,0.0,0.0,0,0,0,0,0.0,0.0,0,0,0,0,0,0,0,0,0,0,0,0,0,0,0,0
46,Bob met at the Library on Monday. Where was Bob?,the Library,Library,0,1,0.6666666666666666,1,2,0,0,66.50639399958891,,,,,288.17967133891904,2951.33203125,pre_replay,False,0.0,0.0,0,0,0,0,0.0,0.0,0,0,0,0,0.0,0.0,0,0,0,0,0,0,0,0,0,0,0,0,0,0,0,0
47,Carol met at the Park on Thursday. Where was Carol?,the Park,Park,0,1,0.6666666666666666,1,2,0,0,66.38385399855906,,,,,288.17967133891904,2951.33203125,pre_replay,False,0.0,0.0,0,0,0,0,0.0,0.0,0,0,0,0,0.0,0.0,0,0,0,0,0,0,0,0,0,0,0,0,0,0,0,0
48,Carol helped at the Cafe on Wednesday. Who was at the Cafe?,Carol,Carol was at the Cafe.,0,0,0.33333333333333337,5,1,1,1,185.933713997656,,,,,288.17967133891904,2951.33203125,pre_replay,False,0.0,0.0,0,0,0,0,0.0,0.0,0,0,0,0,0.0,0.0,0,0,0,0,0,0,0,0,0,0,0,0,0,0,0,0
49,Dave helped at the Library on Thursday. Who was at the Library?,Dave,Dave was at the Library.,0,0,0.33333333333333337,5,1,1,1,185.38229199839407,,,,,288.17967133891904,2951.33203125,pre_replay,False,0.0,0.0,0,0,0,0,0.0,0.0,0,0,0,0,0.0,0.0,0,0,0,0,0,0,0,0,0,0,0,0,0,0,0,0
50,Dave helped at the Library on Thursday. When was Dave at the Library?,Thursday,Thursday.,0,1,0.0,1,1,0,1,90.74036599849933,,,,,288.17967133891904,2951.33203125,pre_replay,False,0.0,0.0,0,0,0,0,0.0,0.0,0,0,0,0,0.0,0.0,0,0,0,0,0,0,0,0,0,0,0,0,0,0,0,0
51,Bob found at the Mall on Thursday. What did Bob do?,found,Found at the Mall on Thursday.,0,0,0.0,6,1,1,1,208.97448100004112,,,,,288.17967133891904,2951.33203125,pre_replay,False,0.0,0.0,0,0,0,0,0.0,0.0,0,0,0,0,0.0,0.0,0,0,0,0,0,0,0,0,0,0,0,0,0,0,0,0
52,Carol helped at the Park on Monday. Who was at the Park?,Carol,Carol.,0,1,0.0,1,1,0,1,90.51029499823926,,,,,288.17967133891904,2951.33203125,pre_replay,False,0.0,0.0,0,0,0,0,0.0,0.0,0,0,0,0,0.0,0.0,0,0,0,0,0,0,0,0,0,0,0,0,0,0,0,0
53,Dave saw at the Cafe on Tuesday. When was Dave at the Cafe?,Tuesday,Tuesday.,0,1,0.0,1,1,0,1,90.48459499899764,,,,,288.17967133891904,2951.33203125,pre_replay,False,0.0,0.0,0,0,0,0,0.0,0.0,0,0,0,0,0.0,0.0,0,0,0,0,0,0,0,0,0,0,0,0,0,0,0,0
54,Dave met at the Park on Monday. When was Dave at the Park?,Monday,Monday.,0,1,0.0,1,1,0,1,90.56228500048746,,,,,288.17967133891904,2951.33203125,pre_replay,False,0.0,0.0,0,0,0,0,0.0,0.0,0,0,0,0,0.0,0.0,0,0,0,0,0,0,0,0,0,0,0,0,0,0,0,0
55,Dave met at the Cafe on Monday. What did Dave do?,met,met at the Cafe on Monday.,0,0,0.2857142857142857,6,1,1,1,209.2981019995932,,,,,288.17967133891904,2951.33203125,pre_replay,False,0.0,0.0,0,0,0,0,0.0,0.0,0,0,0,0,0.0,0.0,0,0,0,0,0,0,0,0,0,0,0,0,0,0,0,0
56,Alice met at the Cafe on Monday. Who was at the Cafe?,Alice,Alice was at the Cafe.,0,0,0.33333333333333337,5,1,1,1,185.84855399967637,,,,,288.17967133891904,2951.33203125,pre_replay,False,0.0,0.0,0,0,0,0,0.0,0.0,0,0,0,0,0.0,0.0,0,0,0,0,0,0,0,0,0,0,0,0,0,0,0,0
57,Bob helped at the Library on Wednesday. Where was Bob?,the Library,Library.,0,1,0.0,1,2,0,1,90.35656400010339,,,,,288.17967133891904,2951.33203125,pre_replay,False,0.0,0.0,0,0,0,0,0.0,0.0,0,0,0,0,0.0,0.0,0,0,0,0,0,0,0,0,0,0,0,0,0,0,0,0
58,Dave helped at the Library on Monday. When was Dave at the Library?,Monday,Monday.,0,1,0.0,1,1,0,1,90.65489600106957,,,,,288.17967133891904,2951.33203125,pre_replay,False,0.0,0.0,0,0,0,0,0.0,0.0,0,0,0,0,0.0,0.0,0,0,0,0,0,0,0,0,0,0,0,0,0,0,0,0
59,Dave saw at the Mall on Monday. What did Dave do?,saw,see at the Mall,0,0,0.0,4,1,1,0,139.85488300022553,,,,,288.17967133891904,2951.33203125,pre_replay,False,0.0,0.0,0,0,0,0,0.0,0.0,0,0,0,0,0.0,0.0,0,0,0,0,0,0,0,0,0,0,0,0,0,0,0,0
60,Bob found at the Park on Wednesday. Where was Bob?,the Park,Park,0,1,0.6666666666666666,1,2,0,0,69.0929979973589,,,,,288.17967133891904,2951.33203125,pre_replay,False,0.0,0.0,0,0,0,0,0.0,0.0,0,0,0,0,0.0,0.0,0,0,0,0,0,0,0,0,0,0,0,0,0,0,0,0
61,Carol helped at the Mall on Monday. Where was Carol?,the Mall,at the Mall,0,0,0.8,3,2,1,0,114.02314299994032,,,,,288.17967133891904,2951.33203125,pre_replay,False,0.0,0.0,0,0,0,0,0.0,0.0,0,0,0,0,0.0,0.0,0,0,0,0,0,0,0,0,0,0,0,0,0,0,0,0
62,Dave met at the Park on Monday. Who was at the Park?,Dave,Dave.,0,1,0.0,1,1,0,1,91.00925700113294,,,,,288.17967133891904,2951.33203125,pre_replay,False,0.0,0.0,0,0,0,0,0.0,0.0,0,0,0,0,0.0,0.0,0,0,0,0,0,0,0,0,0,0,0,0,0,0,0,0
63,Carol found at the Park on Thursday. What did Carol do?,found,found at the Park,0,0,0.4,4,1,1,0,137.97115399938775,,,,,288.17967133891904,2951.33203125,pre_replay,False,0.0,0.0,0,0,0,0,0.0,0.0,0,0,0,0,0.0,0.0,0,0,0,0,0,0,0,0,0,0,0,0,0,0,0,0
64,Carol found at the Mall on Monday. What did Carol do?,found,Carol went shopping at the mall on Monday.,0,0,0.0,8,1,1,1,256.5529389976291,,,,,288.17967133891904,2951.33203125,pre_replay,False,0.0,0.0,0,0,0,0,0.0,0.0,0,0,0,0,0.0,0.0,0,0,0,0,0,0,0,0,0,0,0,0,0,0,0,0
65,Dave saw at the Mall on Wednesday. Where was Dave?,the Mall,Mall,0,1,0.6666666666666666,1,2,0,0,90.52948499811464,,,,,288.17967133891904,2951.33203125,pre_replay,False,0.0,0.0,0,0,0,0,0.0,0.0,0,0,0,0,0.0,0.0,0,0,0,0,0,0,0,0,0,0,0,0,0,0,0,0
66,Carol found at the Mall on Thursday. When was Carol at the Mall?,Thursday,Thursday,1,1,1.0,1,1,0,0,66.68350499967346,,,,,288.17967133891904,2951.33203125,pre_replay,False,0.0,0.0,0,0,0,0,0.0,0.0,0,0,0,0,0.0,0.0,0,0,0,0,0,0,0,0,0,0,0,0,0,0,0,0
67,Alice found at the Park on Monday. What did Alice do?,found,found at the Park,0,0,0.4,4,1,1,0,137.7122119993146,,,,,288.17967133891904,2951.33203125,pre_replay,False,0.0,0.0,0,0,0,0,0.0,0.0,0,0,0,0,0.0,0.0,0,0,0,0,0,0,0,0,0,0,0,0,0,0,0,0
68,Dave saw at the Park on Monday. When was Dave at the Park?,Monday,Monday.,0,1,0.0,1,1,0,1,90.37418499792693,,,,,288.17967133891904,2951.33203125,pre_replay,False,0.0,0.0,0,0,0,0,0.0,0.0,0,0,0,0,0.0,0.0,0,0,0,0,0,0,0,0,0,0,0,0,0,0,0,0
69,Alice saw at the Library on Tuesday. When was Alice at the Library?,Tuesday,Tuesday.,0,1,0.0,1,1,0,1,90.48940399952698,,,,,288.17967133891904,2951.33203125,pre_replay,False,0.0,0.0,0,0,0,0,0.0,0.0,0,0,0,0,0.0,0.0,0,0,0,0,0,0,0,0,0,0,0,0,0,0,0,0
70,Alice met at the Cafe on Tuesday. What did Alice do?,met,met at the Cafe on Tuesday.,0,0,0.2857142857142857,6,1,1,1,209.02834099979373,,,,,288.17967133891904,2951.33203125,pre_replay,False,0.0,0.0,0,0,0,0,0.0,0.0,0,0,0,0,0.0,0.0,0,0,0,0,0,0,0,0,0,0,0,0,0,0,0,0
71,Dave met at the Library on Monday. Where was Dave?,the Library,Library,0,1,0.6666666666666666,1,2,0,0,66.58504399820231,,,,,288.17967133891904,2951.33203125,pre_replay,False,0.0,0.0,0,0,0,0,0.0,0.0,0,0,0,0,0.0,0.0,0,0,0,0,0,0,0,0,0,0,0,0,0,0,0,0
72,Carol helped at the Mall on Wednesday. Who was at the Mall?,Carol,Carol.,0,1,0.0,1,1,0,1,90.17070399931981,,,,,288.17967133891904,2951.33203125,pre_replay,False,0.0,0.0,0,0,0,0,0.0,0.0,0,0,0,0,0.0,0.0,0,0,0,0,0,0,0,0,0,0,0,0,0,0,0,0
73,Alice met at the Library on Wednesday. Where was Alice?,the Library,Library,0,1,0.6666666666666666,1,2,0,0,66.56724400090752,,,,,288.17967133891904,2951.33203125,pre_replay,False,0.0,0.0,0,0,0,0,0.0,0.0,0,0,0,0,0.0,0.0,0,0,0,0,0,0,0,0,0,0,0,0,0,0,0,0
74,Bob saw at the Library on Monday. What did Bob do?,saw,See at the Library.,0,0,0.0,4,1,1,1,161.39655100050732,,,,,288.17967133891904,2951.33203125,pre_replay,False,0.0,0.0,0,0,0,0,0.0,0.0,0,0,0,0,0.0,0.0,0,0,0,0,0,0,0,0,0,0,0,0,0,0,0,0
75,Alice saw at the Park on Thursday. Where was Alice?,the Park,Park,0,1,0.6666666666666666,1,2,0,0,66.36936400172999,,,,,288.17967133891904,2951.33203125,pre_replay,False,0.0,0.0,0,0,0,0,0.0,0.0,0,0,0,0,0.0,0.0,0,0,0,0,0,0,0,0,0,0,0,0,0,0,0,0
76,Bob helped at the Mall on Wednesday. Where was Bob?,the Mall,The Mall.,0,1,0.0,2,2,0,1,113.68923100235406,,,,,288.17967133891904,2951.33203125,pre_replay,False,0.0,0.0,0,0,0,0,0.0,0.0,0,0,0,0,0.0,0.0,0,0,0,0,0,0,0,0,0,0,0,0,0,0,0,0
77,Alice helped at the Library on Wednesday. Where was Alice?,the Library,Library,0,1,0.6666666666666666,1,2,0,0,66.27827299962519,,,,,288.17967133891904,2951.33203125,pre_replay,False,0.0,0.0,0,0,0,0,0.0,0.0,0,0,0,0,0.0,0.0,0,0,0,0,0,0,0,0,0,0,0,0,0,0,0,0
78,Dave saw at the Mall on Wednesday. When was Dave at the Mall?,Wednesday,Wednesday,1,1,1.0,1,1,0,0,67.56650000170339,,,,,288.17967133891904,2951.33203125,pre_replay,False,0.0,0.0,0,0,0,0,0.0,0.0,0,0,0,0,0.0,0.0,0,0,0,0,0,0,0,0,0,0,0,0,0,0,0,0
79,Bob helped at the Park on Monday. Where was Bob?,the Park,The Park.,0,1,0.0,2,2,0,1,113.57800000041607,,,,,288.17967133891904,2951.33203125,pre_replay,False,0.0,0.0,0,0,0,0,0.0,0.0,0,0,0,0,0.0,0.0,0,0,0,0,0,0,0,0,0,0,0,0,0,0,0,0
80,Bob helped at the Park on Tuesday. Where was Bob?,the Park,Park.,0,1,0.0,1,2,0,1,92.90034699733951,,,,,288.17967133891904,2951.33203125,pre_replay,False,0.0,0.0,0,0,0,0,0.0,0.0,0,0,0,0,0.0,0.0,0,0,0,0,0,0,0,0,0,0,0,0,0,0,0,0
81,Bob helped at the Library on Wednesday. Where was Bob?,the Library,Library.,0,1,0.0,1,2,0,1,90.10922299785307,,,,,288.17967133891904,2951.33203125,pre_replay,False,0.0,0.0,0,0,0,0,0.0,0.0,0,0,0,0,0.0,0.0,0,0,0,0,0,0,0,0,0,0,0,0,0,0,0,0
82,Carol found at the Library on Wednesday. When was Carol at the Library?,Wednesday,Wednesday,1,1,1.0,1,1,0,0,66.79622600131552,,,,,288.17967133891904,2951.33203125,pre_replay,False,0.0,0.0,0,0,0,0,0.0,0.0,0,0,0,0,0.0,0.0,0,0,0,0,0,0,0,0,0,0,0,0,0,0,0,0
83,Bob helped at the Park on Tuesday. What did Bob do?,helped,Helped at the Park.,0,0,0.0,4,1,1,1,185.47727199984365,,,,,288.17967133891904,2951.33203125,pre_replay,False,0.0,0.0,0,0,0,0,0.0,0.0,0,0,0,0,0.0,0.0,0,0,0,0,0,0,0,0,0,0,0,0,0,0,0,0
84,Dave found at the Cafe on Wednesday. Where was Dave?,the Cafe,Cafe,0,1,0.6666666666666666,1,2,0,0,90.9348269997281,,,,,288.17967133891904,2951.33203125,pre_replay,False,0.0,0.0,0,0,0,0,0.0,0.0,0,0,0,0,0.0,0.0,0,0,0,0,0,0,0,0,0,0,0,0,0,0,0,0
85,Carol met at the Park on Monday. What did Carol do?,met,met at the Park,0,0,0.4,4,1,1,0,137.82106200233102,,,,,288.17967133891904,2951.33203125,pre_replay,False,0.0,0.0,0,0,0,0,0.0,0.0,0,0,0,0,0.0,0.0,0,0,0,0,0,0,0,0,0,0,0,0,0,0,0,0
86,Bob found at the Library on Wednesday. When was Bob at the Library?,Wednesday,Wednesday.,0,1,0.0,1,1,0,1,90.59231499850284,,,,,288.17967133891904,2951.33203125,pre_replay,False,0.0,0.0,0,0,0,0,0.0,0.0,0,0,0,0,0.0,0.0,0,0,0,0,0,0,0,0,0,0,0,0,0,0,0,0
87,Alice helped at the Library on Thursday. Where was Alice?,the Library,Library,0,1,0.6666666666666666,1,2,0,0,66.43091400110279,,,,,288.17967133891904,2951.33203125,pre_replay,False,0.0,0.0,0,0,0,0,0.0,0.0,0,0,0,0,0.0,0.0,0,0,0,0,0,0,0,0,0,0,0,0,0,0,0,0
88,Alice helped at the Mall on Monday. When was Alice at the Mall?,Monday,Monday,1,1,1.0,1,1,0,0,66.79729600000428,,,,,288.17967133891904,2951.33203125,pre_replay,False,0.0,0.0,0,0,0,0,0.0,0.0,0,0,0,0,0.0,0.0,0,0,0,0,0,0,0,0,0,0,0,0,0,0,0,0
89,Carol saw at the Library on Thursday. Where was Carol?,the Library,Library,0,1,0.6666666666666666,1,2,0,0,66.37970299925655,,,,,288.17967133891904,2951.33203125,pre_replay,False,0.0,0.0,0,0,0,0,0.0,0.0,0,0,0,0,0.0,0.0,0,0,0,0,0,0,0,0,0,0,0,0,0,0,0,0
90,Dave helped at the Mall on Thursday. Where was Dave?,the Mall,The Mall.,0,1,0.0,2,2,0,1,114.32728500221856,,,,,288.17967133891904,2951.33203125,pre_replay,False,0.0,0.0,0,0,0,0,0.0,0.0,0,0,0,0,0.0,0.0,0,0,0,0,0,0,0,0,0,0,0,0,0,0,0,0
91,Carol met at the Mall on Wednesday. Where was Carol?,the Mall,The Mall.,0,1,0.0,2,2,0,1,116.00639300013427,,,,,288.17967133891904,2951.33203125,pre_replay,False,0.0,0.0,0,0,0,0,0.0,0.0,0,0,0,0,0.0,0.0,0,0,0,0,0,0,0,0,0,0,0,0,0,0,0,0
92,Alice met at the Cafe on Monday. What did Alice do?,met,met at the Cafe on Monday.,0,0,0.2857142857142857,6,1,1,1,209.27448099973844,,,,,288.17967133891904,2951.33203125,pre_replay,False,0.0,0.0,0,0,0,0,0.0,0.0,0,0,0,0,0.0,0.0,0,0,0,0,0,0,0,0,0,0,0,0,0,0,0,0
93,Dave helped at the Library on Wednesday. Where was Dave?,the Library,Library.,0,1,0.0,1,2,0,1,90.2114939999592,,,,,288.17967133891904,2951.33203125,pre_replay,False,0.0,0.0,0,0,0,0,0.0,0.0,0,0,0,0,0.0,0.0,0,0,0,0,0,0,0,0,0,0,0,0,0,0,0,0
94,Dave saw at the Cafe on Monday. What did Dave do?,saw,saw at the Cafe,0,0,0.4,4,1,1,0,161.66914200221072,,,,,288.17967133891904,2951.33203125,pre_replay,False,0.0,0.0,0,0,0,0,0.0,0.0,0,0,0,0,0.0,0.0,0,0,0,0,0,0,0,0,0,0,0,0,0,0,0,0
95,Carol helped at the Park on Thursday. What did Carol do?,helped,helped at the Park.,0,0,0.4,4,1,1,1,185.47839200255112,,,,,288.17967133891904,2951.33203125,pre_replay,False,0.0,0.0,0,0,0,0,0.0,0.0,0,0,0,0,0.0,0.0,0,0,0,0,0,0,0,0,0,0,0,0,0,0,0,0
96,Alice saw at the Mall on Wednesday. Who was at the Mall?,Alice,Alice.,0,1,0.0,1,1,0,1,90.47362400087877,,,,,288.17967133891904,2951.33203125,pre_replay,False,0.0,0.0,0,0,0,0,0.0,0.0,0,0,0,0,0.0,0.0,0,0,0,0,0,0,0,0,0,0,0,0,0,0,0,0
97,Dave found at the Library on Wednesday. When was Dave at the Library?,Wednesday,Wednesday.,0,1,0.0,1,1,0,1,90.703775997099,,,,,288.17967133891904,2951.33203125,pre_replay,False,0.0,0.0,0,0,0,0,0.0,0.0,0,0,0,0,0.0,0.0,0,0,0,0,0,0,0,0,0,0,0,0,0,0,0,0
98,Carol saw at the Cafe on Tuesday. What did Carol do?,saw,saw at the Cafe,0,0,0.4,4,1,1,0,163.07625899935374,,,,,288.17967133891904,2951.33203125,pre_replay,False,0.0,0.0,0,0,0,0,0.0,0.0,0,0,0,0,0.0,0.0,0,0,0,0,0,0,0,0,0,0,0,0,0,0,0,0
99,Alice found at the Cafe on Tuesday. What did Alice do?,found,Found at the Cafe on Tuesday.,0,0,0.0,6,1,1,1,209.3262419984967,,,,,288.17967133891904,2951.33203125,pre_replay,False,0.0,0.0,0,0,0,0,0.0,0.0,0,0,0,0,0.0,0.0,0,0,0,0,0,0,0,0,0,0,0,0,0,0,0,0
100,Bob found at the Library on Thursday. Who was at the Library?,Bob,Bob was at the Library.,0,0,0.33333333333333337,5,1,1,1,187.99155399756273,,,,,288.17967133891904,2951.33203125,pre_replay,False,0.0,0.0,0,0,0,0,0.0,0.0,0,0,0,0,0.0,0.0,0,0,0,0,0,0,0,0,0,0,0,0,0,0,0,0
101,Bob helped at the Park on Wednesday. What did Bob do?,helped,Helped at the Park.,0,0,0.0,4,1,1,1,185.3499910030223,,,,,288.17967133891904,2951.33203125,pre_replay,False,0.0,0.0,0,0,0,0,0.0,0.0,0,0,0,0,0.0,0.0,0,0,0,0,0,0,0,0,0,0,0,0,0,0,0,0
102,Carol met at the Cafe on Monday. When was Carol at the Cafe?,Monday,Monday.,0,1,0.0,1,1,0,1,91.09016800357495,,,,,288.17967133891904,2951.33203125,pre_replay,False,0.0,0.0,0,0,0,0,0.0,0.0,0,0,0,0,0.0,0.0,0,0,0,0,0,0,0,0,0,0,0,0,0,0,0,0
103,Alice met at the Park on Tuesday. When was Alice at the Park?,Tuesday,Tuesday.,0,1,0.0,1,1,0,1,90.78552600112744,,,,,288.17967133891904,2951.33203125,pre_replay,False,0.0,0.0,0,0,0,0,0.0,0.0,0,0,0,0,0.0,0.0,0,0,0,0,0,0,0,0,0,0,0,0,0,0,0,0
104,Carol met at the Cafe on Tuesday. Where was Carol?,the Cafe,Cafe,0,1,0.6666666666666666,1,2,0,0,90.13244300149381,,,,,288.17967133891904,2951.33203125,pre_replay,False,0.0,0.0,0,0,0,0,0.0,0.0,0,0,0,0,0.0,0.0,0,0,0,0,0,0,0,0,0,0,0,0,0,0,0,0
105,Alice found at the Library on Tuesday. Where was Alice?,the Library,Library,0,1,0.6666666666666666,1,2,0,0,66.39794399961829,,,,,288.17967133891904,2951.33203125,pre_replay,False,0.0,0.0,0,0,0,0,0.0,0.0,0,0,0,0,0.0,0.0,0,0,0,0,0,0,0,0,0,0,0,0,0,0,0,0
106,Bob found at the Park on Thursday. When was Bob at the Park?,Thursday,Thursday,1,1,1.0,1,1,0,0,66.89233599900035,,,,,288.17967133891904,2951.33203125,pre_replay,False,0.0,0.0,0,0,0,0,0.0,0.0,0,0,0,0,0.0,0.0,0,0,0,0,0,0,0,0,0,0,0,0,0,0,0,0
107,Alice saw at the Library on Monday. What did Alice do?,saw,saw at the library,0,0,0.4,4,1,1,0,161.32033000030788,,,,,288.17967133891904,2951.33203125,pre_replay,False,0.0,0.0,0,0,0,0,0.0,0.0,0,0,0,0,0.0,0.0,0,0,0,0,0,0,0,0,0,0,0,0,0,0,0,0
108,Bob helped at the Library on Tuesday. Where was Bob?,the Library,Library,0,1,0.6666666666666666,1,2,0,0,66.43647400051123,,,,,288.17967133891904,2951.33203125,pre_replay,False,0.0,0.0,0,0,0,0,0.0,0.0,0,0,0,0,0.0,0.0,0,0,0,0,0,0,0,0,0,0,0,0,0,0,0,0
109,Alice helped at the Park on Thursday. When was Alice at the Park?,Thursday,Thursday.,0,1,0.0,1,1,0,1,90.75443600158906,,,,,288.17967133891904,2951.33203125,pre_replay,False,0.0,0.0,0,0,0,0,0.0,0.0,0,0,0,0,0.0,0.0,0,0,0,0,0,0,0,0,0,0,0,0,0,0,0,0
110,Dave helped at the Cafe on Wednesday. Where was Dave?,the Cafe,Cafe,0,1,0.6666666666666666,1,2,0,0,90.0502120020974,,,,,288.17967133891904,2951.33203125,pre_replay,False,0.0,0.0,0,0,0,0,0.0,0.0,0,0,0,0,0.0,0.0,0,0,0,0,0,0,0,0,0,0,0,0,0,0,0,0
111,Dave helped at the Park on Monday. When was Dave at the Park?,Monday,Monday.,0,1,0.0,1,1,0,1,90.59242500006803,,,,,288.17967133891904,2951.33203125,pre_replay,False,0.0,0.0,0,0,0,0,0.0,0.0,0,0,0,0,0.0,0.0,0,0,0,0,0,0,0,0,0,0,0,0,0,0,0,0
112,Bob saw at the Cafe on Monday. What did Bob do?,saw,saw at the Cafe on Monday.,0,0,0.2857142857142857,6,1,1,1,233.21365200172295,,,,,288.17967133891904,2951.33203125,pre_replay,False,0.0,0.0,0,0,0,0,0.0,0.0,0,0,0,0,0.0,0.0,0,0,0,0,0,0,0,0,0,0,0,0,0,0,0,0
113,Carol helped at the Park on Tuesday. What did Carol do?,helped,helped at the Park.,0,0,0.4,4,1,1,1,185.77086300138035,,,,,288.17967133891904,2951.33203125,pre_replay,False,0.0,0.0,0,0,0,0,0.0,0.0,0,0,0,0,0.0,0.0,0,0,0,0,0,0,0,0,0,0,0,0,0,0,0,0
114,Bob met at the Library on Monday. Who was at the Library?,Bob,Bob was at the Library.,0,0,0.33333333333333337,5,1,1,1,185.4858119986602,,,,,288.17967133891904,2951.33203125,pre_replay,False,0.0,0.0,0,0,0,0,0.0,0.0,0,0,0,0,0.0,0.0,0,0,0,0,0,0,0,0,0,0,0,0,0,0,0,0
115,Dave met at the Park on Monday. When was Dave at the Park?,Monday,Monday.,0,1,0.0,1,1,0,1,90.83334599927184,,,,,288.17967133891904,2951.33203125,pre_replay,False,0.0,0.0,0,0,0,0,0.0,0.0,0,0,0,0,0.0,0.0,0,0,0,0,0,0,0,0,0,0,0,0,0,0,0,0
116,Dave saw at the Mall on Wednesday. Where was Dave?,the Mall,Mall,0,1,0.6666666666666666,1,2,0,0,90.25766400009161,,,,,288.17967133891904,2951.33203125,pre_replay,False,0.0,0.0,0,0,0,0,0.0,0.0,0,0,0,0,0.0,0.0,0,0,0,0,0,0,0,0,0,0,0,0,0,0,0,0
117,Bob found at the Cafe on Tuesday. What did Bob do?,found,Found at the Cafe on Tuesday.,0,0,0.0,6,1,1,1,209.21936000013375,,,,,288.17967133891904,2951.33203125,pre_replay,False,0.0,0.0,0,0,0,0,0.0,0.0,0,0,0,0,0.0,0.0,0,0,0,0,0,0,0,0,0,0,0,0,0,0,0,0
118,Alice met at the Cafe on Monday. What did Alice do?,met,met at the Cafe on Monday.,0,0,0.2857142857142857,6,1,1,1,209.2763319997175,,,,,288.17967133891904,2951.33203125,pre_replay,False,0.0,0.0,0,0,0,0,0.0,0.0,0,0,0,0,0.0,0.0,0,0,0,0,0,0,0,0,0,0,0,0,0,0,0,0
119,Dave helped at the Park on Monday. What did Dave do?,helped,helped at the park.,0,0,0.4,4,1,1,1,185.25774000227102,,,,,288.17967133891904,2951.33203125,pre_replay,False,0.0,0.0,0,0,0,0,0.0,0.0,0,0,0,0,0.0,0.0,0,0,0,0,0,0,0,0,0,0,0,0,0,0,0,0
120,Dave found at the Park on Thursday. What did Dave do?,found,Found at the park on Thursday.,0,0,0.0,6,1,1,1,211.68880299956072,,,,,288.17967133891904,2951.33203125,pre_replay,False,0.0,0.0,0,0,0,0,0.0,0.0,0,0,0,0,0.0,0.0,0,0,0,0,0,0,0,0,0,0,0,0,0,0,0,0
121,Carol saw at the Park on Wednesday. What did Carol do?,saw,See at the Park on Wednesday.,0,0,0.0,6,1,1,1,210.95325999704073,,,,,288.17967133891904,2951.33203125,pre_replay,False,0.0,0.0,0,0,0,0,0.0,0.0,0,0,0,0,0.0,0.0,0,0,0,0,0,0,0,0,0,0,0,0,0,0,0,0
122,Carol found at the Mall on Monday. What did Carol do?,found,go to the mall,0,0,0.0,4,1,1,0,138.08034300018335,,,,,288.17967133891904,2951.33203125,pre_replay,False,0.0,0.0,0,0,0,0,0.0,0.0,0,0,0,0,0.0,0.0,0,0,0,0,0,0,0,0,0,0,0,0,0,0,0,0
123,Bob found at the Park on Tuesday. Where was Bob?,the Park,Park.,0,1,0.0,1,2,0,1,90.27262400195468,,,,,288.17967133891904,2951.33203125,pre_replay,False,0.0,0.0,0,0,0,0,0.0,0.0,0,0,0,0,0.0,0.0,0,0,0,0,0,0,0,0,0,0,0,0,0,0,0,0
124,Dave saw at the Mall on Monday. When was Dave at the Mall?,Monday,Monday.,0,1,0.0,1,1,0,1,90.75963500072248,,,,,288.17967133891904,2951.33203125,pre_replay,False,0.0,0.0,0,0,0,0,0.0,0.0,0,0,0,0,0.0,0.0,0,0,0,0,0,0,0,0,0,0,0,0,0,0,0,0
125,Bob found at the Cafe on Monday. Who was at the Cafe?,Bob,Bob,1,1,1.0,1,1,0,0,66.90983600128675,,,,,288.17967133891904,2951.33203125,pre_replay,False,0.0,0.0,0,0,0,0,0.0,0.0,0,0,0,0,0.0,0.0,0,0,0,0,0,0,0,0,0,0,0,0,0,0,0,0
126,Carol found at the Library on Wednesday. What did Carol do?,found,Found at the Library on Wednesday.,0,0,0.0,6,1,1,1,209.11168000020552,,,,,288.17967133891904,2951.33203125,pre_replay,False,0.0,0.0,0,0,0,0,0.0,0.0,0,0,0,0,0.0,0.0,0,0,0,0,0,0,0,0,0,0,0,0,0,0,0,0
127,Carol saw at the Park on Wednesday. Where was Carol?,the Park,Park,0,1,0.6666666666666666,1,2,0,0,66.47836399861262,,,,,288.17967133891904,2951.33203125,pre_replay,False,0.0,0.0,0,0,0,0,0.0,0.0,0,0,0,0,0.0,0.0,0,0,0,0,0,0,0,0,0,0,0,0,0,0,0,0
128,Carol helped at the Park on Monday. Where was Carol?,the Park,Park.,0,1,0.0,1,2,0,1,90.21846299947356,,,,,288.17967133891904,2951.33203125,pre_replay,False,0.0,0.0,0,0,0,0,0.0,0.0,0,0,0,0,0.0,0.0,0,0,0,0,0,0,0,0,0,0,0,0,0,0,0,0
129,Carol helped at the Mall on Tuesday. What did Carol do?,helped,helped at the Mall.,0,0,0.4,4,1,1,1,185.4183310024382,,,,,288.17967133891904,2951.33203125,pre_replay,False,0.0,0.0,0,0,0,0,0.0,0.0,0,0,0,0,0.0,0.0,0,0,0,0,0,0,0,0,0,0,0,0,0,0,0,0
130,Alice saw at the Cafe on Tuesday. Where was Alice?,the Cafe,Cafe,0,1,0.6666666666666666,1,2,0,0,90.735665999091,,,,,288.17967133891904,2951.33203125,pre_replay,False,0.0,0.0,0,0,0,0,0.0,0.0,0,0,0,0,0.0,0.0,0,0,0,0,0,0,0,0,0,0,0,0,0,0,0,0
131,Dave helped at the Library on Tuesday. Where was Dave?,the Library,Library,0,1,0.6666666666666666,1,2,0,0,66.51025400060462,,,,,288.17967133891904,2951.33203125,pre_replay,False,0.0,0.0,0,0,0,0,0.0,0.0,0,0,0,0,0.0,0.0,0,0,0,0,0,0,0,0,0,0,0,0,0,0,0,0
132,Carol found at the Cafe on Wednesday. What did Carol do?,found,Found at the Cafe on Wednesday.,0,0,0.0,6,1,1,1,208.9048689995252,,,,,288.17967133891904,2951.33203125,pre_replay,False,0.0,0.0,0,0,0,0,0.0,0.0,0,0,0,0,0.0,0.0,0,0,0,0,0,0,0,0,0,0,0,0,0,0,0,0
133,Carol helped at the Library on Tuesday. Where was Carol?,the Library,Library.,0,1,0.0,1,2,0,1,90.26853300019866,,,,,288.17967133891904,2951.33203125,pre_replay,False,0.0,0.0,0,0,0,0,0.0,0.0,0,0,0,0,0.0,0.0,0,0,0,0,0,0,0,0,0,0,0,0,0,0,0,0
134,Alice met at the Park on Monday. What did Alice do?,met,met at the Park on Monday.,0,0,0.2857142857142857,6,1,1,1,209.25947099749465,,,,,288.17967133891904,2951.33203125,pre_replay,False,0.0,0.0,0,0,0,0,0.0,0.0,0,0,0,0,0.0,0.0,0,0,0,0,0,0,0,0,0,0,0,0,0,0,0,0
135,Alice found at the Cafe on Thursday. What did Alice do?,found,Found at the Cafe on Thursday.,0,0,0.0,6,1,1,1,208.79285900082323,,,,,288.17967133891904,2951.33203125,pre_replay,False,0.0,0.0,0,0,0,0,0.0,0.0,0,0,0,0,0.0,0.0,0,0,0,0,0,0,0,0,0,0,0,0,0,0,0,0
136,Bob met at the Library on Wednesday. What did Bob do?,met,met at the Library on Wednesday. Bob went to the library.,0,0,0.16666666666666669,11,1,1,1,351.5485649986658,,,,,288.17967133891904,2951.33203125,pre_replay,False,0.0,0.0,0,0,0,0,0.0,0.0,0,0,0,0,0.0,0.0,0,0,0,0,0,0,0,0,0,0,0,0,0,0,0,0
137,Dave helped at the Library on Tuesday. When was Dave at the Library?,Tuesday,Tuesday.,0,1,0.0,1,1,0,1,91.59874999750173,,,,,288.17967133891904,2951.33203125,pre_replay,False,0.0,0.0,0,0,0,0,0.0,0.0,0,0,0,0,0.0,0.0,0,0,0,0,0,0,0,0,0,0,0,0,0,0,0,0
138,Carol met at the Mall on Tuesday. When was Carol at the Mall?,Tuesday,Tuesday.,0,1,0.0,1,1,0,1,90.51256499878946,,,,,288.17967133891904,2951.33203125,pre_replay,False,0.0,0.0,0,0,0,0,0.0,0.0,0,0,0,0,0.0,0.0,0,0,0,0,0,0,0,0,0,0,0,0,0,0,0,0
139,Bob helped at the Park on Wednesday. Who was at the Park?,Bob,Bob.,0,1,0.0,1,1,0,1,90.47417399779079,,,,,288.17967133891904,2951.33203125,pre_replay,False,0.0,0.0,0,0,0,0,0.0,0.0,0,0,0,0,0.0,0.0,0,0,0,0,0,0,0,0,0,0,0,0,0,0,0,0
140,Carol found at the Cafe on Monday. What did Carol do?,found,Found at the Cafe on Monday.,0,0,0.0,6,1,1,1,211.21522999965237,,,,,288.17967133891904,2951.33203125,pre_replay,False,0.0,0.0,0,0,0,0,0.0,0.0,0,0,0,0,0.0,0.0,0,0,0,0,0,0,0,0,0,0,0,0,0,0,0,0
141,Alice helped at the Library on Thursday. Who was at the Library?,Alice,Alice.,0,1,0.0,1,1,0,1,90.23950400296599,,,,,288.17967133891904,2951.33203125,pre_replay,False,0.0,0.0,0,0,0,0,0.0,0.0,0,0,0,0,0.0,0.0,0,0,0,0,0,0,0,0,0,0,0,0,0,0,0,0
142,Bob found at the Library on Monday. Who was at the Library?,Bob,Bob was at the Library on Monday.,0,0,0.25,7,1,1,1,233.02432000127737,,,,,288.17967133891904,2951.33203125,pre_replay,False,0.0,0.0,0,0,0,0,0.0,0.0,0,0,0,0,0.0,0.0,0,0,0,0,0,0,0,0,0,0,0,0,0,0,0,0
143,Bob met at the Park on Tuesday. What did Bob do?,met,met at the Park on Tuesday.,0,0,0.2857142857142857,6,1,1,1,208.75051799885114,,,,,288.17967133891904,2951.33203125,pre_replay,False,0.0,0.0,0,0,0,0,0.0,0.0,0,0,0,0,0.0,0.0,0,0,0,0,0,0,0,0,0,0,0,0,0,0,0,0
144,Dave helped at the Park on Tuesday. What did Dave do?,helped,Helped at the park.,0,0,0.0,4,1,1,1,185.25257999863243,,,,,288.17967133891904,2951.33203125,pre_replay,False,0.0,0.0,0,0,0,0,0.0,0.0,0,0,0,0,0.0,0.0,0,0,0,0,0,0,0,0,0,0,0,0,0,0,0,0
145,Bob saw at the Cafe on Thursday. Who was at the Cafe?,Bob,Bob.,0,1,0.0,1,1,0,1,91.13046800121083,,,,,288.17967133891904,2951.33203125,pre_replay,False,0.0,0.0,0,0,0,0,0.0,0.0,0,0,0,0,0.0,0.0,0,0,0,0,0,0,0,0,0,0,0,0,0,0,0,0
146,Bob found at the Cafe on Thursday. When was Bob at the Cafe?,Thursday,Thursday.,0,1,0.0,1,1,0,1,90.67356499872403,,,,,288.17967133891904,2951.33203125,pre_replay,False,0.0,0.0,0,0,0,0,0.0,0.0,0,0,0,0,0.0,0.0,0,0,0,0,0,0,0,0,0,0,0,0,0,0,0,0
147,Carol met at the Library on Wednesday. What did Carol do?,met,met at the Library on Wednesday.,0,0,0.2857142857142857,6,1,1,1,209.0328189988213,,,,,288.17967133891904,2951.33203125,pre_replay,False,0.0,0.0,0,0,0,0,0.0,0.0,0,0,0,0,0.0,0.0,0,0,0,0,0,0,0,0,0,0,0,0,0,0,0,0
148,Bob found at the Mall on Thursday. Who was at the Mall?,Bob,Bob.,0,1,0.0,1,1,0,1,90.44819499831647,,,,,288.17967133891904,2951.33203125,pre_replay,False,0.0,0.0,0,0,0,0,0.0,0.0,0,0,0,0,0.0,0.0,0,0,0,0,0,0,0,0,0,0,0,0,0,0,0,0
149,Alice saw at the Mall on Thursday. Where was Alice?,the Mall,Mall,0,1,0.6666666666666666,1,2,0,0,90.13633200083859,,,,,288.17967133891904,2951.33203125,pre_replay,False,0.0,0.0,0,0,0,0,0.0,0.0,0,0,0,0,0.0,0.0,0,0,0,0,0,0,0,0,0,0,0,0,0,0,0,0
150,Alice met at the Cafe on Thursday. What did Alice do?,met,met at the Cafe on Thursday.,0,0,0.2857142857142857,6,1,1,1,209.11326999703306,,,,,288.17967133891904,2951.33203125,pre_replay,False,0.0,0.0,0,0,0,0,0.0,0.0,0,0,0,0,0.0,0.0,0,0,0,0,0,0,0,0,0,0,0,0,0,0,0,0
151,Alice met at the Park on Tuesday. When was Alice at the Park?,Tuesday,Tuesday.,0,1,0.0,1,1,0,1,90.47378399918671,,,,,288.17967133891904,2951.33203125,pre_replay,False,0.0,0.0,0,0,0,0,0.0,0.0,0,0,0,0,0.0,0.0,0,0,0,0,0,0,0,0,0,0,0,0,0,0,0,0
152,Alice met at the Library on Tuesday. Where was Alice?,the Library,Library,0,1,0.6666666666666666,1,2,0,0,66.47880399759742,,,,,288.17967133891904,2951.33203125,pre_replay,False,0.0,0.0,0,0,0,0,0.0,0.0,0,0,0,0,0.0,0.0,0,0,0,0,0,0,0,0,0,0,0,0,0,0,0,0
153,Dave met at the Park on Wednesday. Where was Dave?,the Park,Park,0,1,0.6666666666666666,1,2,0,0,68.43593400117243,,,,,288.17967133891904,2951.33203125,pre_replay,False,0.0,0.0,0,0,0,0,0.0,0.0,0,0,0,0,0.0,0.0,0,0,0,0,0,0,0,0,0,0,0,0,0,0,0,0
154,Carol saw at the Library on Thursday. Who was at the Library?,Carol,Carol.,0,1,0.0,1,1,0,1,90.68106500126305,,,,,288.17967133891904,2951.33203125,pre_replay,False,0.0,0.0,0,0,0,0,0.0,0.0,0,0,0,0,0.0,0.0,0,0,0,0,0,0,0,0,0,0,0,0,0,0,0,0
155,Carol saw at the Library on Monday. Where was Carol?,the Library,Library,0,1,0.6666666666666666,1,2,0,0,66.53973400170798,,,,,288.17967133891904,2951.33203125,pre_replay,False,0.0,0.0,0,0,0,0,0.0,0.0,0,0,0,0,0.0,0.0,0,0,0,0,0,0,0,0,0,0,0,0,0,0,0,0
156,Carol saw at the Park on Thursday. When was Carol at the Park?,Thursday,Thursday,1,1,1.0,1,1,0,0,66.87418600267847,,,,,288.17967133891904,2951.33203125,pre_replay,False,0.0,0.0,0,0,0,0,0.0,0.0,0,0,0,0,0.0,0.0,0,0,0,0,0,0,0,0,0,0,0,0,0,0,0,0
157,Bob helped at the Library on Wednesday. Who was at the Library?,Bob,Bob was at the Library.,0,0,0.33333333333333337,5,1,1,1,185.31756000083988,,,,,288.17967133891904,2951.33203125,pre_replay,False,0.0,0.0,0,0,0,0,0.0,0.0,0,0,0,0,0.0,0.0,0,0,0,0,0,0,0,0,0,0,0,0,0,0,0,0
158,Alice met at the Cafe on Wednesday. Where was Alice?,the Cafe,Cafe,0,1,0.6666666666666666,1,2,0,0,90.39836399824708,,,,,288.17967133891904,2951.33203125,pre_replay,False,0.0,0.0,0,0,0,0,0.0,0.0,0,0,0,0,0.0,0.0,0,0,0,0,0,0,0,0,0,0,0,0,0,0,0,0
159,Carol helped at the Park on Wednesday. What did Carol do?,helped,helped at the Park.,0,0,0.4,4,1,1,1,185.20806000015,,,,,288.17967133891904,2951.33203125,pre_replay,False,0.0,0.0,0,0,0,0,0.0,0.0,0,0,0,0,0.0,0.0,0,0,0,0,0,0,0,0,0,0,0,0,0,0,0,0
160,Bob saw at the Cafe on Monday. Who was at the Cafe?,Bob,Bob was at the Cafe on Monday.,0,0,0.25,7,1,1,1,235.0723499985179,,,,,288.17967133891904,2951.33203125,pre_replay,False,0.0,0.0,0,0,0,0,0.0,0.0,0,0,0,0,0.0,0.0,0,0,0,0,0,0,0,0,0,0,0,0,0,0,0,0
161,Alice helped at the Mall on Wednesday. When was Alice at the Mall?,Wednesday,Wednesday,1,1,1.0,1,1,0,0,66.83316500129877,,,,,288.17967133891904,2951.33203125,pre_replay,False,0.0,0.0,0,0,0,0,0.0,0.0,0,0,0,0,0.0,0.0,0,0,0,0,0,0,0,0,0,0,0,0,0,0,0,0
162,Bob met at the Mall on Thursday. Where was Bob?,the Mall,The Mall.,0,1,0.0,2,2,0,1,114.0344429986726,,,,,288.17967133891904,2951.33203125,pre_replay,False,0.0,0.0,0,0,0,0,0.0,0.0,0,0,0,0,0.0,0.0,0,0,0,0,0,0,0,0,0,0,0,0,0,0,0,0
163,Dave found at the Library on Wednesday. Who was at the Library?,Dave,Dave was at the Library on Wednesday.,0,0,0.25,7,1,1,1,232.75514799752273,,,,,288.17967133891904,2951.33203125,pre_replay,False,0.0,0.0,0,0,0,0,0.0,0.0,0,0,0,0,0.0,0.0,0,0,0,0,0,0,0,0,0,0,0,0,0,0,0,0
164,Bob found at the Library on Tuesday. What did Bob do?,found,Found at the Library on Tuesday.,0,0,0.0,6,1,1,1,209.04430999871693,,,,,288.17967133891904,2951.33203125,pre_replay,False,0.0,0.0,0,0,0,0,0.0,0.0,0,0,0,0,0.0,0.0,0,0,0,0,0,0,0,0,0,0,0,0,0,0,0,0
165,Carol saw at the Mall on Monday. When was Carol at the Mall?,Monday,Monday,1,1,1.0,1,1,0,0,66.85023499812814,,,,,288.17967133891904,2951.33203125,pre_replay,False,0.0,0.0,0,0,0,0,0.0,0.0,0,0,0,0,0.0,0.0,0,0,0,0,0,0,0,0,0,0,0,0,0,0,0,0
166,Carol saw at the Mall on Tuesday. Where was Carol?,the Mall,at the Mall,0,0,0.8,3,2,1,0,114.18092399981106,,,,,288.17967133891904,2951.33203125,pre_replay,False,0.0,0.0,0,0,0,0,0.0,0.0,0,0,0,0,0.0,0.0,0,0,0,0,0,0,0,0,0,0,0,0,0,0,0,0
167,Bob met at the Park on Wednesday. Who was at the Park?,Bob,Bob.,0,1,0.0,1,1,0,1,90.3387929974997,,,,,288.17967133891904,2951.33203125,pre_replay,False,0.0,0.0,0,0,0,0,0.0,0.0,0,0,0,0,0.0,0.0,0,0,0,0,0,0,0,0,0,0,0,0,0,0,0,0
168,Bob found at the Library on Wednesday. Who was at the Library?,Bob,Bob.,0,1,0.0,1,1,0,1,90.34572400196339,,,,,288.17967133891904,2951.33203125,pre_replay,False,0.0,0.0,0,0,0,0,0.0,0.0,0,0,0,0,0.0,0.0,0,0,0,0,0,0,0,0,0,0,0,0,0,0,0,0
169,Dave found at the Park on Wednesday. Who was at the Park?,Dave,Dave was at the Park on Wednesday.,0,0,0.25,7,1,1,1,232.60710700196796,,,,,288.17967133891904,2951.33203125,pre_replay,False,0.0,0.0,0,0,0,0,0.0,0.0,0,0,0,0,0.0,0.0,0,0,0,0,0,0,0,0,0,0,0,0,0,0,0,0
170,Dave found at the Mall on Wednesday. Who was at the Mall?,Dave,Dave,1,1,1.0,1,1,0,0,66.5867249990697,,,,,288.17967133891904,2951.33203125,pre_replay,False,0.0,0.0,0,0,0,0,0.0,0.0,0,0,0,0,0.0,0.0,0,0,0,0,0,0,0,0,0,0,0,0,0,0,0,0
171,Carol helped at the Mall on Monday. What did Carol do?,helped,helped at the Mall.,0,0,0.4,4,1,1,1,185.26015899988124,,,,,288.17967133891904,2951.33203125,pre_replay,False,0.0,0.0,0,0,0,0,0.0,0.0,0,0,0,0,0.0,0.0,0,0,0,0,0,0,0,0,0,0,0,0,0,0,0,0
172,Alice met at the Park on Wednesday. Where was Alice?,the Park,Park,0,1,0.6666666666666666,1,2,0,0,66.55879399841069,,,,,288.17967133891904,2951.33203125,pre_replay,False,0.0,0.0,0,0,0,0,0.0,0.0,0,0,0,0,0.0,0.0,0,0,0,0,0,0,0,0,0,0,0,0,0,0,0,0
173,Dave helped at the Cafe on Wednesday. Where was Dave?,the Cafe,Cafe,0,1,0.6666666666666666,1,2,0,0,90.15113199711777,,,,,288.17967133891904,2951.33203125,pre_replay,False,0.0,0.0,0,0,0,0,0.0,0.0,0,0,0,0,0.0,0.0,0,0,0,0,0,0,0,0,0,0,0,0,0,0,0,0
174,Dave saw at the Cafe on Monday. What did Dave do?,saw,saw at the Cafe on Monday.,0,0,0.2857142857142857,6,1,1,1,232.9786000009335,,,,,288.17967133891904,2951.33203125,pre_replay,False,0.0,0.0,0,0,0,0,0.0,0.0,0,0,0,0,0.0,0.0,0,0,0,0,0,0,0,0,0,0,0,0,0,0,0,0
175,Alice met at the Mall on Tuesday. What did Alice do?,met,met at the Mall on Tuesday.,0,0,0.2857142857142857,6,1,1,1,209.00327900017146,,,,,288.17967133891904,2951.33203125,pre_replay,False,0.0,0.0,0,0,0,0,0.0,0.0,0,0,0,0,0.0,0.0,0,0,0,0,0,0,0,0,0,0,0,0,0,0,0,0
176,Alice found at the Cafe on Thursday. Where was Alice?,the Cafe,Cafe,0,1,0.6666666666666666,1,2,0,0,90.25317300256575,,,,,288.17967133891904,2951.33203125,pre_replay,False,0.0,0.0,0,0,0,0,0.0,0.0,0,0,0,0,0.0,0.0,0,0,0,0,0,0,0,0,0,0,0,0,0,0,0,0
177,Alice saw at the Mall on Wednesday. Where was Alice?,the Mall,Mall,0,1,0.6666666666666666,1,2,0,0,90.29076300066663,,,,,288.17967133891904,2951.33203125,pre_replay,False,0.0,0.0,0,0,0,0,0.0,0.0,0,0,0,0,0.0,0.0,0,0,0,0,0,0,0,0,0,0,0,0,0,0,0,0
178,Bob saw at the Mall on Thursday. Where was Bob?,the Mall,Mall,0,1,0.6666666666666666,1,2,0,0,90.2289629993902,,,,,288.17967133891904,2951.33203125,pre_replay,False,0.0,0.0,0,0,0,0,0.0,0.0,0,0,0,0,0.0,0.0,0,0,0,0,0,0,0,0,0,0,0,0,0,0,0,0
179,Bob helped at the Cafe on Tuesday. When was Bob at the Cafe?,Tuesday,Tuesday,1,1,1.0,1,1,0,0,66.8596659998002,,,,,288.17967133891904,2951.33203125,pre_replay,False,0.0,0.0,0,0,0,0,0.0,0.0,0,0,0,0,0.0,0.0,0,0,0,0,0,0,0,0,0,0,0,0,0,0,0,0
180,Alice helped at the Mall on Wednesday. Where was Alice?,the Mall,The Mall.,0,1,0.0,2,2,0,1,116.61393599933945,,,,,288.17967133891904,2951.33203125,pre_replay,False,0.0,0.0,0,0,0,0,0.0,0.0,0,0,0,0,0.0,0.0,0,0,0,0,0,0,0,0,0,0,0,0,0,0,0,0
181,Bob saw at the Cafe on Monday. What did Bob do?,saw,saw at the Cafe,0,0,0.4,4,1,1,0,161.58139099934488,,,,,288.17967133891904,2951.33203125,pre_replay,False,0.0,0.0,0,0,0,0,0.0,0.0,0,0,0,0,0.0,0.0,0,0,0,0,0,0,0,0,0,0,0,0,0,0,0,0
182,Dave helped at the Cafe on Thursday. Who was at the Cafe?,Dave,Dave was at the Cafe on Thursday.,0,0,0.25,7,1,1,1,232.71311800272088,,,,,288.17967133891904,2951.33203125,pre_replay,False,0.0,0.0,0,0,0,0,0.0,0.0,0,0,0,0,0.0,0.0,0,0,0,0,0,0,0,0,0,0,0,0,0,0,0,0
183,Alice found at the Mall on Monday. What did Alice do?,found,found at the Mall on Monday. Alice went shopping.,0,0,0.19999999999999998,9,1,1,1,306.3833769992925,,,,,288.17967133891904,2951.33203125,pre_replay,False,0.0,0.0,0,0,0,0,0.0,0.0,0,0,0,0,0.0,0.0,0,0,0,0,0,0,0,0,0,0,0,0,0,0,0,0
184,Bob met at the Park on Thursday. Where was Bob?,the Park,Park,0,1,0.6666666666666666,1,2,0,0,66.77357499938807,,,,,288.17967133891904,2951.33203125,pre_replay,False,0.0,0.0,0,0,0,0,0.0,0.0,0,0,0,0,0.0,0.0,0,0,0,0,0,0,0,0,0,0,0,0,0,0,0,0
185,Bob saw at the Park on Thursday. When was Bob at the Park?,Thursday,Thursday,1,1,1.0,1,1,0,0,66.90097599857836,,,,,288.17967133891904,2951.33203125,pre_replay,False,0.0,0.0,0,0,0,0,0.0,0.0,0,0,0,0,0.0,0.0,0,0,0,0,0,0,0,0,0,0,0,0,0,0,0,0
186,Bob helped at the Library on Thursday. What did Bob do?,helped,Helped at the Library.,0,0,0.0,4,1,1,1,185.18575900088763,,,,,288.17967133891904,2951.33203125,pre_replay,False,0.0,0.0,0,0,0,0,0.0,0.0,0,0,0,0,0.0,0.0,0,0,0,0,0,0,0,0,0,0,0,0,0,0,0,0
187,Bob met at the Mall on Thursday. When was Bob at the Mall?,Thursday,Thursday.,0,1,0.0,1,1,0,1,90.79268599816714,,,,,288.17967133891904,2951.33203125,pre_replay,False,0.0,0.0,0,0,0,0,0.0,0.0,0,0,0,0,0.0,0.0,0,0,0,0,0,0,0,0,0,0,0,0,0,0,0,0
188,Alice helped at the Mall on Thursday. Where was Alice?,the Mall,The Mall.,0,1,0.0,2,2,0,1,113.85836199769983,,,,,288.17967133891904,2951.33203125,pre_replay,False,0.0,0.0,0,0,0,0,0.0,0.0,0,0,0,0,0.0,0.0,0,0,0,0,0,0,0,0,0,0,0,0,0,0,0,0
189,Carol met at the Mall on Monday. Who was at the Mall?,Carol,Carol was at the Mall.,0,0,0.33333333333333337,5,1,1,1,185.22641900199233,,,,,288.17967133891904,2951.33203125,pre_replay,False,0.0,0.0,0,0,0,0,0.0,0.0,0,0,0,0,0.0,0.0,0,0,0,0,0,0,0,0,0,0,0,0,0,0,0,0
190,Carol met at the Park on Tuesday. What did Carol do?,met,met at the Park on Tuesday.,0,0,0.2857142857142857,6,1,1,1,209.28960099990945,,,,,288.17967133891904,2951.33203125,pre_replay,False,0.0,0.0,0,0,0,0,0.0,0.0,0,0,0,0,0.0,0.0,0,0,0,0,0,0,0,0,0,0,0,0,0,0,0,0
191,Carol met at the Mall on Wednesday. When was Carol at the Mall?,Wednesday,Wednesday.,0,1,0.0,1,1,0,1,90.46399400176597,,,,,288.17967133891904,2951.33203125,pre_replay,False,0.0,0.0,0,0,0,0,0.0,0.0,0,0,0,0,0.0,0.0,0,0,0,0,0,0,0,0,0,0,0,0,0,0,0,0
192,Dave helped at the Cafe on Thursday. Who was at the Cafe?,Dave,Dave.,0,1,0.0,1,1,0,1,90.4715539982135,,,,,288.17967133891904,2951.33203125,pre_replay,False,0.0,0.0,0,0,0,0,0.0,0.0,0,0,0,0,0.0,0.0,0,0,0,0,0,0,0,0,0,0,0,0,0,0,0,0
193,Alice found at the Park on Monday. Who was at the Park?,Alice,Alice,1,1,1.0,1,1,0,0,66.58405399866751,,,,,288.17967133891904,2951.33203125,pre_replay,False,0.0,0.0,0,0,0,0,0.0,0.0,0,0,0,0,0.0,0.0,0,0,0,0,0,0,0,0,0,0,0,0,0,0,0,0
194,Bob saw at the Cafe on Monday. Who was at the Cafe?,Bob,Bob.,0,1,0.0,1,1,0,1,90.33450299830292,,,,,288.17967133891904,2951.33203125,pre_replay,False,0.0,0.0,0,0,0,0,0.0,0.0,0,0,0,0,0.0,0.0,0,0,0,0,0,0,0,0,0,0,0,0,0,0,0,0
195,Alice found at the Library on Monday. Where was Alice?,the Library,Library,0,1,0.6666666666666666,1,2,0,0,66.46832399928826,,,,,288.17967133891904,2951.33203125,pre_replay,False,0.0,0.0,0,0,0,0,0.0,0.0,0,0,0,0,0.0,0.0,0,0,0,0,0,0,0,0,0,0,0,0,0,0,0,0
196,Bob helped at the Library on Tuesday. Where was Bob?,the Library,Library.,0,1,0.0,1,2,0,1,90.26257299774443,,,,,288.17967133891904,2951.33203125,pre_replay,False,0.0,0.0,0,0,0,0,0.0,0.0,0,0,0,0,0.0,0.0,0,0,0,0,0,0,0,0,0,0,0,0,0,0,0,0
197,Carol helped at the Park on Wednesday. When was Carol at the Park?,Wednesday,Wednesday,1,1,1.0,1,1,0,0,66.77780500103836,,,,,288.17967133891904,2951.33203125,pre_replay,False,0.0,0.0,0,0,0,0,0.0,0.0,0,0,0,0,0.0,0.0,0,0,0,0,0,0,0,0,0,0,0,0,0,0,0,0
198,Carol met at the Mall on Thursday. What did Carol do?,met,met at the Mall on Thursday.,0,0,0.2857142857142857,6,1,1,1,208.63693700084696,,,,,288.17967133891904,2951.33203125,pre_replay,False,0.0,0.0,0,0,0,0,0.0,0.0,0,0,0,0,0.0,0.0,0,0,0,0,0,0,0,0,0,0,0,0,0,0,0,0
199,Carol helped at the Mall on Wednesday. Where was Carol?,the Mall,The Mall.,0,1,0.0,2,2,0,1,114.00706200220156,,,,,288.17967133891904,2951.33203125,pre_replay,False,0.0,0.0,0,0,0,0,0.0,0.0,0,0,0,0,0.0,0.0,0,0,0,0,0,0,0,0,0,0,0,0,0,0,0,0
