idx,prompt,answer,pred,em_raw,em_norm,f1,pred_len,gold_len,overlong,format_violation,latency_ms,memory_hit,retrieval_latency_ms,router_path,topk_keys,distance,justification,success,steps_pred,steps_opt,suboptimality,time_ms_per_100,rss_mb,flags,gating_enabled,retrieval.episodic.avg_latency_ms,retrieval.episodic.batch_size,retrieval.episodic.hit_rate_at_k,retrieval.episodic.hits_at_k,retrieval.episodic.k,retrieval.episodic.requests,retrieval.episodic.tokens_returned,retrieval.episodic.total_k,retrieval.relational.avg_latency_ms,retrieval.relational.batch_size,retrieval.relational.hit_rate_at_k,retrieval.relational.hits_at_k,retrieval.relational.k,retrieval.relational.requests,retrieval.relational.tokens_returned,retrieval.relational.total_k,retrieval.spatial.avg_latency_ms,retrieval.spatial.batch_size,retrieval.spatial.hit_rate_at_k,retrieval.spatial.hits_at_k,retrieval.spatial.k,retrieval.spatial.requests,retrieval.spatial.tokens_returned,retrieval.spatial.total_k,gating.episodic.accepted,gating.episodic.attempts,gating.episodic.skipped,gating.relational.accepted,gating.relational.attempts,gating.relational.skipped,gating.spatial.accepted,gating.spatial.attempts,gating.spatial.skipped
0,Carol found at the Library on Wednesday. Alice found at the Mall on Monday. Bob helped at the Mall on Wednesday. Where was Bob?,the Mall,Mall.,0,0,0.0,1,2,0,1,1021.2882760024513,0,0.0,,,,,,,,,260.8927542744246,1593.0,pre_replay,False,0.0,0,0.0,0,0,0,0,0,0.0,0,0.0,0,0,0,0,0,0.0,0,0.0,0,0,0,0,0,0,0,0,0,0,0,0,0,0
1,Carol met at the Mall on Tuesday. Alice helped at the Mall on Wednesday. Dave helped at the Cafe on Wednesday. When was Dave at the Cafe?,Wednesday,Wednesday,1,1,1.0,1,1,0,0,72.0671319977555,0,0.0,,,,,,,,,260.8927542744246,1593.0,pre_replay,False,0.0,0,0.0,0,0,0,0,0,0.0,0,0.0,0,0,0,0,0,0.0,0,0.0,0,0,0,0,0,0,0,0,0,0,0,0,0,0
2,Bob saw at the Cafe on Wednesday. Bob found at the Park on Monday. Alice found at the Cafe on Monday. Who was at the Cafe?,Alice,Alice.,0,0,0.0,1,1,0,1,99.32013099751202,0,0.0,,,,,,,,,260.8927542744246,1593.0,pre_replay,False,0.0,0,0.0,0,0,0,0,0,0.0,0,0.0,0,0,0,0,0,0.0,0,0.0,0,0,0,0,0,0,0,0,0,0,0,0,0,0
3,Dave saw at the Library on Monday. Dave found at the Mall on Monday. Bob met at the Park on Tuesday. When was Bob at the Park?,Tuesday,Tuesday.,0,0,0.0,1,1,0,1,97.5380479976593,0,0.0,,,,,,,,,260.8927542744246,1593.0,pre_replay,False,0.0,0,0.0,0,0,0,0,0,0.0,0,0.0,0,0,0,0,0,0.0,0,0.0,0,0,0,0,0,0,0,0,0,0,0,0,0,0
4,Alice saw at the Park on Monday. Alice found at the Park on Monday. Carol helped at the Cafe on Tuesday. Where was Carol?,the Cafe,Caf√©,0,0,0.0,1,2,0,0,122.83794399991166,0,0.0,,,,,,,,,260.8927542744246,1593.0,pre_replay,False,0.0,0,0.0,0,0,0,0,0,0.0,0,0.0,0,0,0,0,0,0.0,0,0.0,0,0,0,0,0,0,0,0,0,0,0,0,0,0
5,Dave helped at the Mall on Monday. Bob helped at the Park on Tuesday. Dave helped at the Library on Monday. Who was at the Library?,Dave,Dave.,0,0,0.0,1,1,0,1,101.55933700298192,0,0.0,,,,,,,,,260.8927542744246,1593.0,pre_replay,False,0.0,0,0.0,0,0,0,0,0,0.0,0,0.0,0,0,0,0,0,0.0,0,0.0,0,0,0,0,0,0,0,0,0,0,0,0,0,0
6,Bob saw at the Mall on Tuesday. Dave found at the Park on Monday. Carol saw at the Library on Wednesday. When was Carol at the Library?,Wednesday,Wednesday.,0,0,0.0,1,1,0,1,97.24849700069171,0,0.0,,,,,,,,,260.8927542744246,1593.0,pre_replay,False,0.0,0,0.0,0,0,0,0,0,0.0,0,0.0,0,0,0,0,0,0.0,0,0.0,0,0,0,0,0,0,0,0,0,0,0,0,0,0
7,Alice helped at the Mall on Thursday. Dave found at the Library on Wednesday. Carol helped at the Mall on Wednesday. When was Carol at the Mall?,Wednesday,Wednesday.,0,0,0.0,1,1,0,1,97.5419989990769,0,0.0,,,,,,,,,260.8927542744246,1593.0,pre_replay,False,0.0,0,0.0,0,0,0,0,0,0.0,0,0.0,0,0,0,0,0,0.0,0,0.0,0,0,0,0,0,0,0,0,0,0,0,0,0,0
8,Carol found at the Mall on Tuesday. Alice found at the Library on Thursday. Dave met at the Park on Monday. Who was at the Park?,Dave,Dave.,0,0,0.0,1,1,0,1,100.65436999866506,0,0.0,,,,,,,,,260.8927542744246,1593.0,pre_replay,False,0.0,0,0.0,0,0,0,0,0,0.0,0,0.0,0,0,0,0,0,0.0,0,0.0,0,0,0,0,0,0,0,0,0,0,0,0,0,0
9,Carol met at the Library on Monday. Dave helped at the Cafe on Tuesday. Dave saw at the Park on Wednesday. Who was at the Park?,Dave,Dave was at the Park on Wednesday.,0,0,0.25,7,1,1,1,245.4647179984022,0,0.0,,,,,,,,,260.8927542744246,1593.0,pre_replay,False,0.0,0,0.0,0,0,0,0,0,0.0,0,0.0,0,0,0,0,0,0.0,0,0.0,0,0,0,0,0,0,0,0,0,0,0,0,0,0
10,Alice saw at the Library on Monday. Carol found at the Mall on Thursday. Dave met at the Library on Tuesday. When was Dave at the Library?,Tuesday,Tuesday.,0,0,0.0,1,1,0,1,98.80684699965059,0,0.0,,,,,,,,,260.8927542744246,1593.0,pre_replay,False,0.0,0,0.0,0,0,0,0,0,0.0,0,0.0,0,0,0,0,0,0.0,0,0.0,0,0,0,0,0,0,0,0,0,0,0,0,0,0
11,Alice met at the Park on Tuesday. Bob saw at the Cafe on Monday. Dave helped at the Cafe on Tuesday. Who was at the Cafe?,Dave,Bob was at the Cafe.,0,0,0.0,5,1,1,1,199.81193100102246,0,0.0,,,,,,,,,260.8927542744246,1593.0,pre_replay,False,0.0,0,0.0,0,0,0,0,0,0.0,0,0.0,0,0,0,0,0,0.0,0,0.0,0,0,0,0,0,0,0,0,0,0,0,0,0,0
12,Dave found at the Park on Thursday. Carol saw at the Cafe on Monday. Bob met at the Mall on Tuesday. When was Bob at the Mall?,Tuesday,Tuesday.,0,0,0.0,1,1,0,1,96.18601900001522,0,0.0,,,,,,,,,260.8927542744246,1593.0,pre_replay,False,0.0,0,0.0,0,0,0,0,0,0.0,0,0.0,0,0,0,0,0,0.0,0,0.0,0,0,0,0,0,0,0,0,0,0,0,0,0,0
13,Alice saw at the Cafe on Monday. Dave found at the Park on Wednesday. Carol helped at the Mall on Monday. What did Carol do?,helped,helped at the Mall on Monday.,0,0,0.2857142857142857,6,1,1,1,248.4516589975101,0,0.0,,,,,,,,,260.8927542744246,1593.0,pre_replay,False,0.0,0,0.0,0,0,0,0,0,0.0,0,0.0,0,0,0,0,0,0.0,0,0.0,0,0,0,0,0,0,0,0,0,0,0,0,0,0
14,Dave helped at the Cafe on Monday. Alice met at the Park on Thursday. Carol found at the Park on Monday. When was Carol at the Park?,Monday,Monday,1,1,1.0,1,1,0,0,72.05872099802946,0,0.0,,,,,,,,,260.8927542744246,1593.0,pre_replay,False,0.0,0,0.0,0,0,0,0,0,0.0,0,0.0,0,0,0,0,0,0.0,0,0.0,0,0,0,0,0,0,0,0,0,0,0,0,0,0
15,Bob found at the Library on Monday. Dave saw at the Mall on Tuesday. Alice found at the Library on Tuesday. What did Alice do?,found,Alice found at the Library on Tuesday.,0,0,0.25,7,1,1,1,250.72085500141839,0,0.0,,,,,,,,,260.8927542744246,1593.0,pre_replay,False,0.0,0,0.0,0,0,0,0,0,0.0,0,0.0,0,0,0,0,0,0.0,0,0.0,0,0,0,0,0,0,0,0,0,0,0,0,0,0
16,Dave helped at the Cafe on Wednesday. Carol met at the Mall on Wednesday. Bob found at the Cafe on Thursday. What did Bob do?,found,Bob found at the Cafe on Thursday.,0,0,0.25,7,1,1,1,251.61818000196945,0,0.0,,,,,,,,,260.8927542744246,1593.0,pre_replay,False,0.0,0,0.0,0,0,0,0,0,0.0,0,0.0,0,0,0,0,0,0.0,0,0.0,0,0,0,0,0,0,0,0,0,0,0,0,0,0
17,Dave met at the Mall on Thursday. Alice found at the Cafe on Monday. Carol saw at the Cafe on Monday. Where was Carol?,the Cafe,Cafe,0,0,0.6666666666666666,1,2,0,0,98.06741300053545,0,0.0,,,,,,,,,260.8927542744246,1593.0,pre_replay,False,0.0,0,0.0,0,0,0,0,0,0.0,0,0.0,0,0,0,0,0,0.0,0,0.0,0,0,0,0,0,0,0,0,0,0,0,0,0,0
18,Bob found at the Park on Wednesday. Bob saw at the Library on Monday. Alice helped at the Mall on Tuesday. When was Alice at the Mall?,Tuesday,Tuesday.,0,0,0.0,1,1,0,1,95.71099599997979,0,0.0,,,,,,,,,260.8927542744246,1593.0,pre_replay,False,0.0,0,0.0,0,0,0,0,0,0.0,0,0.0,0,0,0,0,0,0.0,0,0.0,0,0,0,0,0,0,0,0,0,0,0,0,0,0
19,Carol helped at the Cafe on Wednesday. Dave saw at the Library on Thursday. Bob saw at the Park on Thursday. What did Bob do?,saw,Bob saw at the Park on Thursday.,0,0,0.25,7,1,1,1,261.4756689981732,0,0.0,,,,,,,,,260.8927542744246,1593.0,pre_replay,False,0.0,0,0.0,0,0,0,0,0,0.0,0,0.0,0,0,0,0,0,0.0,0,0.0,0,0,0,0,0,0,0,0,0,0,0,0,0,0
20,Alice saw at the Library on Tuesday. Bob met at the Cafe on Monday. Carol found at the Park on Tuesday. Who was at the Park?,Carol,Carol.,0,0,0.0,1,1,0,1,101.06470299797365,0,0.0,,,,,,,,,260.8927542744246,1593.0,pre_replay,False,0.0,0,0.0,0,0,0,0,0,0.0,0,0.0,0,0,0,0,0,0.0,0,0.0,0,0,0,0,0,0,0,0,0,0,0,0,0,0
21,Dave found at the Cafe on Tuesday. Alice helped at the Library on Monday. Bob met at the Mall on Thursday. Where was Bob?,the Mall,The Mall.,0,0,0.0,2,2,0,1,124.52197699894896,0,0.0,,,,,,,,,260.8927542744246,1593.0,pre_replay,False,0.0,0,0.0,0,0,0,0,0,0.0,0,0.0,0,0,0,0,0,0.0,0,0.0,0,0,0,0,0,0,0,0,0,0,0,0,0,0
22,Alice helped at the Mall on Wednesday. Bob met at the Park on Wednesday. Carol helped at the Park on Wednesday. Where was Carol?,the Park,The Park.,0,0,0.0,2,2,0,1,124.74837799891247,0,0.0,,,,,,,,,260.8927542744246,1593.0,pre_replay,False,0.0,0,0.0,0,0,0,0,0,0.0,0,0.0,0,0,0,0,0,0.0,0,0.0,0,0,0,0,0,0,0,0,0,0,0,0,0,0
23,Carol saw at the Mall on Monday. Dave met at the Library on Thursday. Bob found at the Mall on Thursday. Who was at the Mall?,Bob,Carol was at the Mall.,0,0,0.0,5,1,1,1,199.76121000217972,0,0.0,,,,,,,,,260.8927542744246,1593.0,pre_replay,False,0.0,0,0.0,0,0,0,0,0,0.0,0,0.0,0,0,0,0,0,0.0,0,0.0,0,0,0,0,0,0,0,0,0,0,0,0,0,0
24,Bob found at the Library on Monday. Bob helped at the Library on Wednesday. Dave found at the Library on Thursday. When was Dave at the Library?,Thursday,Thursday.,0,0,0.0,1,1,0,1,97.168555999815,0,0.0,,,,,,,,,260.8927542744246,1593.0,pre_replay,False,0.0,0,0.0,0,0,0,0,0,0.0,0,0.0,0,0,0,0,0,0.0,0,0.0,0,0,0,0,0,0,0,0,0,0,0,0,0,0
25,Carol found at the Library on Monday. Dave saw at the Mall on Wednesday. Alice met at the Library on Tuesday. Where was Alice?,the Library,Tuesday.,0,0,0.0,1,2,0,1,102.40704299940262,0,0.0,,,,,,,,,260.8927542744246,1593.0,pre_replay,False,0.0,0,0.0,0,0,0,0,0,0.0,0,0.0,0,0,0,0,0,0.0,0,0.0,0,0,0,0,0,0,0,0,0,0,0,0,0,0
26,Bob met at the Cafe on Tuesday. Bob saw at the Cafe on Monday. Alice found at the Mall on Thursday. Where was Alice?,the Mall,Alice found at the Mall on Thursday.,0,0,0.4444444444444445,7,2,1,1,262.567787001899,0,0.0,,,,,,,,,260.8927542744246,1593.0,pre_replay,False,0.0,0,0.0,0,0,0,0,0,0.0,0,0.0,0,0,0,0,0,0.0,0,0.0,0,0,0,0,0,0,0,0,0,0,0,0,0,0
27,Carol saw at the Park on Wednesday. Carol helped at the Mall on Wednesday. Alice met at the Park on Tuesday. Who was at the Park?,Alice,Carol and Alice were at the Park.,0,0,0.25,7,1,1,1,251.5693099994678,0,0.0,,,,,,,,,260.8927542744246,1593.0,pre_replay,False,0.0,0,0.0,0,0,0,0,0,0.0,0,0.0,0,0,0,0,0,0.0,0,0.0,0,0,0,0,0,0,0,0,0,0,0,0,0,0
28,Bob found at the Cafe on Tuesday. Bob saw at the Mall on Wednesday. Alice found at the Mall on Thursday. When was Alice at the Mall?,Thursday,Thursday.,0,0,0.0,1,1,0,1,98.68795700094779,0,0.0,,,,,,,,,260.8927542744246,1593.0,pre_replay,False,0.0,0,0.0,0,0,0,0,0,0.0,0,0.0,0,0,0,0,0,0.0,0,0.0,0,0,0,0,0,0,0,0,0,0,0,0,0,0
29,Carol helped at the Park on Thursday. Alice helped at the Library on Thursday. Dave saw at the Cafe on Monday. Where was Dave?,the Cafe,Cafe,0,0,0.6666666666666666,1,2,0,0,97.82414099754533,0,0.0,,,,,,,,,260.8927542744246,1593.0,pre_replay,False,0.0,0,0.0,0,0,0,0,0,0.0,0,0.0,0,0,0,0,0,0.0,0,0.0,0,0,0,0,0,0,0,0,0,0,0,0,0,0
30,Dave saw at the Cafe on Wednesday. Dave found at the Cafe on Tuesday. Bob helped at the Mall on Wednesday. Who was at the Mall?,Bob,Bob,1,1,1.0,1,1,0,0,74.94026100175688,0,0.0,,,,,,,,,260.8927542744246,1593.0,pre_replay,False,0.0,0,0.0,0,0,0,0,0,0.0,0,0.0,0,0,0,0,0,0.0,0,0.0,0,0,0,0,0,0,0,0,0,0,0,0,0,0
31,Dave saw at the Mall on Wednesday. Carol found at the Mall on Thursday. Bob found at the Park on Wednesday. When was Bob at the Park?,Wednesday,Wednesday,1,1,1.0,1,1,0,0,71.09274500180618,0,0.0,,,,,,,,,260.8927542744246,1593.0,pre_replay,False,0.0,0,0.0,0,0,0,0,0,0.0,0,0.0,0,0,0,0,0,0.0,0,0.0,0,0,0,0,0,0,0,0,0,0,0,0,0,0
32,Bob helped at the Park on Tuesday. Dave saw at the Park on Monday. Dave helped at the Cafe on Tuesday. Who was at the Cafe?,Dave,Dave.,0,0,0.0,1,1,0,1,97.05519500130322,0,0.0,,,,,,,,,260.8927542744246,1593.0,pre_replay,False,0.0,0,0.0,0,0,0,0,0,0.0,0,0.0,0,0,0,0,0,0.0,0,0.0,0,0,0,0,0,0,0,0,0,0,0,0,0,0
33,Dave found at the Cafe on Monday. Alice saw at the Library on Monday. Alice saw at the Library on Tuesday. Who was at the Library?,Alice,Alice.,0,0,0.0,1,1,0,1,97.89912099950016,0,0.0,,,,,,,,,260.8927542744246,1593.0,pre_replay,False,0.0,0,0.0,0,0,0,0,0,0.0,0,0.0,0,0,0,0,0,0.0,0,0.0,0,0,0,0,0,0,0,0,0,0,0,0,0,0
34,Dave saw at the Park on Wednesday. Carol found at the Park on Monday. Alice saw at the Cafe on Wednesday. When was Alice at the Cafe?,Wednesday,Wednesday,1,1,1.0,1,1,0,0,71.94721099949675,0,0.0,,,,,,,,,260.8927542744246,1593.0,pre_replay,False,0.0,0,0.0,0,0,0,0,0,0.0,0,0.0,0,0,0,0,0,0.0,0,0.0,0,0,0,0,0,0,0,0,0,0,0,0,0,0
35,Alice saw at the Library on Tuesday. Bob met at the Library on Wednesday. Alice saw at the Park on Wednesday. Who was at the Park?,Alice,Bob was at the Park.,0,0,0.0,5,1,1,1,202.1731670029112,0,0.0,,,,,,,,,260.8927542744246,1593.0,pre_replay,False,0.0,0,0.0,0,0,0,0,0,0.0,0,0.0,0,0,0,0,0,0.0,0,0.0,0,0,0,0,0,0,0,0,0,0,0,0,0,0
36,Dave met at the Mall on Tuesday. Carol found at the Park on Wednesday. Bob helped at the Mall on Wednesday. Who was at the Mall?,Bob,Dave and Bob were at the Mall.,0,0,0.25,7,1,1,1,247.2812400010298,0,0.0,,,,,,,,,260.8927542744246,1593.0,pre_replay,False,0.0,0,0.0,0,0,0,0,0,0.0,0,0.0,0,0,0,0,0,0.0,0,0.0,0,0,0,0,0,0,0,0,0,0,0,0,0,0
37,Dave found at the Library on Thursday. Carol found at the Library on Wednesday. Carol saw at the Park on Wednesday. Who was at the Park?,Carol,Carol was at the Park.,0,0,0.33333333333333337,5,1,1,1,195.65937100196606,0,0.0,,,,,,,,,260.8927542744246,1593.0,pre_replay,False,0.0,0,0.0,0,0,0,0,0,0.0,0,0.0,0,0,0,0,0,0.0,0,0.0,0,0,0,0,0,0,0,0,0,0,0,0,0,0
38,Bob helped at the Library on Wednesday. Bob saw at the Park on Tuesday. Dave met at the Park on Tuesday. Where was Dave?,the Park,The Park.,0,0,0.0,2,2,0,1,123.92713300141622,0,0.0,,,,,,,,,260.8927542744246,1593.0,pre_replay,False,0.0,0,0.0,0,0,0,0,0,0.0,0,0.0,0,0,0,0,0,0.0,0,0.0,0,0,0,0,0,0,0,0,0,0,0,0,0,0
39,Dave found at the Library on Tuesday. Bob helped at the Park on Tuesday. Carol found at the Library on Wednesday. Who was at the Library?,Carol,Bob and Dave were at the Library.,0,0,0.0,7,1,1,1,245.08284500188893,0,0.0,,,,,,,,,260.8927542744246,1593.0,pre_replay,False,0.0,0,0.0,0,0,0,0,0,0.0,0,0.0,0,0,0,0,0,0.0,0,0.0,0,0,0,0,0,0,0,0,0,0,0,0,0,0
40,Carol helped at the Cafe on Tuesday. Carol helped at the Cafe on Wednesday. Dave met at the Park on Wednesday. When was Dave at the Park?,Wednesday,Wednesday.,0,0,0.0,1,1,0,1,99.45677200084901,0,0.0,,,,,,,,,260.8927542744246,1593.0,pre_replay,False,0.0,0,0.0,0,0,0,0,0,0.0,0,0.0,0,0,0,0,0,0.0,0,0.0,0,0,0,0,0,0,0,0,0,0,0,0,0,0
41,Dave saw at the Library on Tuesday. Bob met at the Park on Tuesday. Bob found at the Library on Wednesday. Who was at the Library?,Bob,Bob.,0,0,0.0,1,1,0,1,98.48972499821684,0,0.0,,,,,,,,,260.8927542744246,1593.0,pre_replay,False,0.0,0,0.0,0,0,0,0,0,0.0,0,0.0,0,0,0,0,0,0.0,0,0.0,0,0,0,0,0,0,0,0,0,0,0,0,0,0
42,Carol met at the Mall on Wednesday. Carol found at the Park on Wednesday. Alice helped at the Cafe on Wednesday. Where was Alice?,the Cafe,The Cafe.,0,0,0.0,2,2,0,1,122.32015100016724,0,0.0,,,,,,,,,260.8927542744246,1593.0,pre_replay,False,0.0,0,0.0,0,0,0,0,0,0.0,0,0.0,0,0,0,0,0,0.0,0,0.0,0,0,0,0,0,0,0,0,0,0,0,0,0,0
43,Bob found at the Mall on Wednesday. Bob met at the Mall on Wednesday. Carol found at the Cafe on Thursday. When was Carol at the Cafe?,Thursday,Thursday.,0,0,0.0,1,1,0,1,96.42564099704032,0,0.0,,,,,,,,,260.8927542744246,1593.0,pre_replay,False,0.0,0,0.0,0,0,0,0,0,0.0,0,0.0,0,0,0,0,0,0.0,0,0.0,0,0,0,0,0,0,0,0,0,0,0,0,0,0
44,Bob met at the Cafe on Monday. Dave saw at the Mall on Thursday. Alice saw at the Mall on Thursday. Where was Alice?,the Mall,Alice saw at the Mall on Thursday.,0,0,0.4444444444444445,7,2,1,1,245.39020699739922,0,0.0,,,,,,,,,260.8927542744246,1593.0,pre_replay,False,0.0,0,0.0,0,0,0,0,0,0.0,0,0.0,0,0,0,0,0,0.0,0,0.0,0,0,0,0,0,0,0,0,0,0,0,0,0,0
45,Dave met at the Park on Thursday. Alice met at the Cafe on Tuesday. Carol saw at the Park on Wednesday. When was Carol at the Park?,Wednesday,Wednesday.,0,0,0.0,1,1,0,1,98.45319500163896,0,0.0,,,,,,,,,260.8927542744246,1593.0,pre_replay,False,0.0,0,0.0,0,0,0,0,0,0.0,0,0.0,0,0,0,0,0,0.0,0,0.0,0,0,0,0,0,0,0,0,0,0,0,0,0,0
46,Dave saw at the Park on Monday. Alice found at the Park on Monday. Carol helped at the Mall on Tuesday. Where was Carol?,the Mall,The Mall.,0,0,0.0,2,2,0,1,122.22195099820965,0,0.0,,,,,,,,,260.8927542744246,1593.0,pre_replay,False,0.0,0,0.0,0,0,0,0,0,0.0,0,0.0,0,0,0,0,0,0.0,0,0.0,0,0,0,0,0,0,0,0,0,0,0,0,0,0
47,Carol helped at the Library on Wednesday. Alice met at the Library on Tuesday. Dave saw at the Park on Thursday. When was Dave at the Park?,Thursday,Thursday.,0,0,0.0,1,1,0,1,96.58318199944915,0,0.0,,,,,,,,,260.8927542744246,1593.0,pre_replay,False,0.0,0,0.0,0,0,0,0,0,0.0,0,0.0,0,0,0,0,0,0.0,0,0.0,0,0,0,0,0,0,0,0,0,0,0,0,0,0
48,Carol met at the Library on Tuesday. Dave saw at the Mall on Monday. Dave met at the Library on Tuesday. Who was at the Library?,Dave,Dave.,0,0,0.0,1,1,0,1,100.0371259979147,0,0.0,,,,,,,,,260.8927542744246,1593.0,pre_replay,False,0.0,0,0.0,0,0,0,0,0,0.0,0,0.0,0,0,0,0,0,0.0,0,0.0,0,0,0,0,0,0,0,0,0,0,0,0,0,0
49,Dave found at the Park on Monday. Alice met at the Mall on Thursday. Carol helped at the Park on Tuesday. What did Carol do?,helped,helped at the Park,0,0,0.4,4,1,1,0,175.6826920027379,0,0.0,,,,,,,,,260.8927542744246,1593.0,pre_replay,False,0.0,0,0.0,0,0,0,0,0,0.0,0,0.0,0,0,0,0,0,0.0,0,0.0,0,0,0,0,0,0,0,0,0,0,0,0,0,0
