idx,prompt,answer,pred,em_raw,em_norm,f1,pred_len,gold_len,overlong,format_violation,latency_ms,time_ms_per_100,rss_mb,flags,gating_enabled,retrieval.episodic.avg_latency_ms,retrieval.episodic.hit_rate_at_k,retrieval.episodic.hits,retrieval.episodic.requests,retrieval.episodic.tokens_returned,retrieval.episodic.total_k,retrieval.relational.avg_latency_ms,retrieval.relational.hit_rate_at_k,retrieval.relational.hits,retrieval.relational.requests,retrieval.relational.tokens_returned,retrieval.relational.total_k,retrieval.spatial.avg_latency_ms,retrieval.spatial.hit_rate_at_k,retrieval.spatial.hits,retrieval.spatial.requests,retrieval.spatial.tokens_returned,retrieval.spatial.total_k,gates.relational.accepts,gates.relational.aggregated,gates.relational.attempts,gates.relational.blocked_new_edges,gates.relational.inserted,gates.relational.routed_to_episodic,gates.spatial.accepts,gates.spatial.aggregated,gates.spatial.attempts,gates.spatial.blocked_new_edges,gates.spatial.inserted,gates.spatial.routed_to_episodic
0,Dave saw at the Cafe on Thursday. When was Dave at the Cafe?,Thursday,Thursday,1,1,1.0,1,1,0,0,74.33195500198053,294.67429396955083,2972.83984375,pre_replay,False,0.0,0.0,0,0,0,0,0.0,0.0,0,0,0,0,0.0,0.0,0,0,0,0,0,0,0,0,0,0,0,0,0,0,0,0
1,Dave met at the Mall on Tuesday. What did Dave do?,met,met at the Mall on Tuesday.,0,0,0.2857142857142857,6,1,1,1,224.3940729968017,294.67429396955083,2972.83984375,pre_replay,False,0.0,0.0,0,0,0,0,0.0,0.0,0,0,0,0,0.0,0.0,0,0,0,0,0,0,0,0,0,0,0,0,0,0,0,0
2,Alice met at the Library on Tuesday. What did Alice do?,met,Met at the Library.,0,0,0.0,4,1,1,1,176.090908000333,294.67429396955083,2972.83984375,pre_replay,False,0.0,0.0,0,0,0,0,0.0,0.0,0,0,0,0,0.0,0.0,0,0,0,0,0,0,0,0,0,0,0,0,0,0,0,0
3,Bob saw at the Mall on Monday. Where was Bob?,the Mall,Mall,0,1,0.6666666666666666,1,2,0,0,99.12593099943479,294.67429396955083,2972.83984375,pre_replay,False,0.0,0.0,0,0,0,0,0.0,0.0,0,0,0,0,0.0,0.0,0,0,0,0,0,0,0,0,0,0,0,0,0,0,0,0
4,Bob helped at the Park on Thursday. When was Bob at the Park?,Thursday,Thursday.,0,1,0.0,1,1,0,1,96.8328279996058,294.67429396955083,2972.83984375,pre_replay,False,0.0,0.0,0,0,0,0,0.0,0.0,0,0,0,0,0.0,0.0,0,0,0,0,0,0,0,0,0,0,0,0,0,0,0,0
5,Bob helped at the Mall on Wednesday. When was Bob at the Mall?,Wednesday,Wednesday,1,1,1.0,1,1,0,0,73.12068899773294,294.67429396955083,2972.83984375,pre_replay,False,0.0,0.0,0,0,0,0,0.0,0.0,0,0,0,0,0.0,0.0,0,0,0,0,0,0,0,0,0,0,0,0,0,0,0,0
6,Dave helped at the Library on Tuesday. Where was Dave?,the Library,The Library.,0,1,0.0,2,2,0,1,122.39131800015457,294.67429396955083,2972.83984375,pre_replay,False,0.0,0.0,0,0,0,0,0.0,0.0,0,0,0,0,0.0,0.0,0,0,0,0,0,0,0,0,0,0,0,0,0,0,0,0
7,Alice found at the Mall on Thursday. When was Alice at the Mall?,Thursday,Thursday,1,1,1.0,1,1,0,0,71.6336820005381,294.67429396955083,2972.83984375,pre_replay,False,0.0,0.0,0,0,0,0,0.0,0.0,0,0,0,0,0.0,0.0,0,0,0,0,0,0,0,0,0,0,0,0,0,0,0,0
8,Dave found at the Mall on Tuesday. What did Dave do?,found,Found at the Mall on Tuesday.,0,0,0.0,6,1,1,1,225.36336700068205,294.67429396955083,2972.83984375,pre_replay,False,0.0,0.0,0,0,0,0,0.0,0.0,0,0,0,0,0.0,0.0,0,0,0,0,0,0,0,0,0,0,0,0,0,0,0,0
9,Dave met at the Park on Monday. What did Dave do?,met,met at the park on monday.,0,0,0.2857142857142857,6,1,1,1,229.92380100185983,294.67429396955083,2972.83984375,pre_replay,False,0.0,0.0,0,0,0,0,0.0,0.0,0,0,0,0,0.0,0.0,0,0,0,0,0,0,0,0,0,0,0,0,0,0,0,0
10,Alice found at the Library on Wednesday. When was Alice at the Library?,Wednesday,Wednesday,1,1,1.0,1,1,0,0,73.03480799964746,294.67429396955083,2972.83984375,pre_replay,False,0.0,0.0,0,0,0,0,0.0,0.0,0,0,0,0,0.0,0.0,0,0,0,0,0,0,0,0,0,0,0,0,0,0,0,0
11,Dave helped at the Library on Tuesday. When was Dave at the Library?,Tuesday,Tuesday.,0,1,0.0,1,1,0,1,99.41977199923713,294.67429396955083,2972.83984375,pre_replay,False,0.0,0.0,0,0,0,0,0.0,0.0,0,0,0,0,0.0,0.0,0,0,0,0,0,0,0,0,0,0,0,0,0,0,0,0
12,Dave met at the Mall on Tuesday. When was Dave at the Mall?,Tuesday,Tuesday.,0,1,0.0,1,1,0,1,97.64486299900454,294.67429396955083,2972.83984375,pre_replay,False,0.0,0.0,0,0,0,0,0.0,0.0,0,0,0,0,0.0,0.0,0,0,0,0,0,0,0,0,0,0,0,0,0,0,0,0
13,Bob met at the Cafe on Tuesday. Who was at the Cafe?,Bob,Bob.,0,1,0.0,1,1,0,1,99.32223099895054,294.67429396955083,2972.83984375,pre_replay,False,0.0,0.0,0,0,0,0,0.0,0.0,0,0,0,0,0.0,0.0,0,0,0,0,0,0,0,0,0,0,0,0,0,0,0,0
14,Bob helped at the Park on Tuesday. Where was Bob?,the Park,Park.,0,1,0.0,1,2,0,1,97.42503199959174,294.67429396955083,2972.83984375,pre_replay,False,0.0,0.0,0,0,0,0,0.0,0.0,0,0,0,0,0.0,0.0,0,0,0,0,0,0,0,0,0,0,0,0,0,0,0,0
15,Alice helped at the Park on Tuesday. Where was Alice?,the Park,Park,0,1,0.6666666666666666,1,2,0,0,73.791702001472,294.67429396955083,2972.83984375,pre_replay,False,0.0,0.0,0,0,0,0,0.0,0.0,0,0,0,0,0.0,0.0,0,0,0,0,0,0,0,0,0,0,0,0,0,0,0,0
16,Bob saw at the Cafe on Tuesday. Who was at the Cafe?,Bob,Bob was at the Cafe on Tuesday.,0,0,0.25,7,1,1,1,248.8242950021231,294.67429396955083,2972.83984375,pre_replay,False,0.0,0.0,0,0,0,0,0.0,0.0,0,0,0,0,0.0,0.0,0,0,0,0,0,0,0,0,0,0,0,0,0,0,0,0
17,Alice found at the Library on Wednesday. When was Alice at the Library?,Wednesday,Wednesday,1,1,1.0,1,1,0,0,72.91240899940021,294.67429396955083,2972.83984375,pre_replay,False,0.0,0.0,0,0,0,0,0.0,0.0,0,0,0,0,0.0,0.0,0,0,0,0,0,0,0,0,0,0,0,0,0,0,0,0
18,Bob saw at the Mall on Thursday. What did Bob do?,saw,see at the mall,0,0,0.0,4,1,1,0,147.4151440015703,294.67429396955083,2972.83984375,pre_replay,False,0.0,0.0,0,0,0,0,0.0,0.0,0,0,0,0,0.0,0.0,0,0,0,0,0,0,0,0,0,0,0,0,0,0,0,0
19,Alice saw at the Park on Thursday. Who was at the Park?,Alice,Alice was at the Park.,0,0,0.33333333333333337,5,1,1,1,199.24904499930562,294.67429396955083,2972.83984375,pre_replay,False,0.0,0.0,0,0,0,0,0.0,0.0,0,0,0,0,0.0,0.0,0,0,0,0,0,0,0,0,0,0,0,0,0,0,0,0
20,Dave saw at the Park on Tuesday. Who was at the Park?,Dave,Dave was at the park on Tuesday.,0,0,0.25,7,1,1,1,248.45415399977355,294.67429396955083,2972.83984375,pre_replay,False,0.0,0.0,0,0,0,0,0.0,0.0,0,0,0,0,0.0,0.0,0,0,0,0,0,0,0,0,0,0,0,0,0,0,0,0
21,Alice helped at the Mall on Thursday. What did Alice do?,helped,Helped at the Mall.,0,0,0.0,4,1,1,1,195.44193700130563,294.67429396955083,2972.83984375,pre_replay,False,0.0,0.0,0,0,0,0,0.0,0.0,0,0,0,0,0.0,0.0,0,0,0,0,0,0,0,0,0,0,0,0,0,0,0,0
22,Carol found at the Library on Tuesday. Where was Carol?,the Library,Library,0,1,0.6666666666666666,1,2,0,0,71.88236300135031,294.67429396955083,2972.83984375,pre_replay,False,0.0,0.0,0,0,0,0,0.0,0.0,0,0,0,0,0.0,0.0,0,0,0,0,0,0,0,0,0,0,0,0,0,0,0,0
23,Bob saw at the Park on Wednesday. Who was at the Park?,Bob,Bob.,0,1,0.0,1,1,0,1,98.41989599954104,294.67429396955083,2972.83984375,pre_replay,False,0.0,0.0,0,0,0,0,0.0,0.0,0,0,0,0,0.0,0.0,0,0,0,0,0,0,0,0,0,0,0,0,0,0,0,0
24,Alice found at the Mall on Tuesday. Where was Alice?,the Mall,Mall,0,1,0.6666666666666666,1,2,0,0,101.34609200031264,294.67429396955083,2972.83984375,pre_replay,False,0.0,0.0,0,0,0,0,0.0,0.0,0,0,0,0,0.0,0.0,0,0,0,0,0,0,0,0,0,0,0,0,0,0,0,0
25,Bob met at the Library on Tuesday. What did Bob do?,met,met at the Library on Tuesday. What did Bob do?,0,0,0.18181818181818182,10,1,1,0,347.3506730006193,294.67429396955083,2972.83984375,pre_replay,False,0.0,0.0,0,0,0,0,0.0,0.0,0,0,0,0,0.0,0.0,0,0,0,0,0,0,0,0,0,0,0,0,0,0,0,0
26,Dave met at the Mall on Thursday. What did Dave do?,met,met at the Mall on Thursday.,0,0,0.2857142857142857,6,1,1,1,223.19783700004336,294.67429396955083,2972.83984375,pre_replay,False,0.0,0.0,0,0,0,0,0.0,0.0,0,0,0,0,0.0,0.0,0,0,0,0,0,0,0,0,0,0,0,0,0,0,0,0
27,Carol met at the Mall on Thursday. Who was at the Mall?,Carol,Carol.,0,1,0.0,1,1,0,1,99.45835200051079,294.67429396955083,2972.83984375,pre_replay,False,0.0,0.0,0,0,0,0,0.0,0.0,0,0,0,0,0.0,0.0,0,0,0,0,0,0,0,0,0,0,0,0,0,0,0,0
28,Bob helped at the Park on Wednesday. What did Bob do?,helped,Helped at the Park.,0,0,0.0,4,1,1,1,198.00070999917807,294.67429396955083,2972.83984375,pre_replay,False,0.0,0.0,0,0,0,0,0.0,0.0,0,0,0,0,0.0,0.0,0,0,0,0,0,0,0,0,0,0,0,0,0,0,0,0
29,Alice saw at the Park on Thursday. Who was at the Park?,Alice,Alice.,0,1,0.0,1,1,0,1,96.56510700006038,294.67429396955083,2972.83984375,pre_replay,False,0.0,0.0,0,0,0,0,0.0,0.0,0,0,0,0,0.0,0.0,0,0,0,0,0,0,0,0,0,0,0,0,0,0,0,0
30,Dave met at the Park on Monday. Where was Dave?,the Park,The Park.,0,1,0.0,2,2,0,1,122.0393059993512,294.67429396955083,2972.83984375,pre_replay,False,0.0,0.0,0,0,0,0,0.0,0.0,0,0,0,0,0.0,0.0,0,0,0,0,0,0,0,0,0,0,0,0,0,0,0,0
31,Dave met at the Park on Thursday. Where was Dave?,the Park,Park.,0,1,0.0,1,2,0,1,97.60105299938004,294.67429396955083,2972.83984375,pre_replay,False,0.0,0.0,0,0,0,0,0.0,0.0,0,0,0,0,0.0,0.0,0,0,0,0,0,0,0,0,0,0,0,0,0,0,0,0
32,Bob met at the Park on Wednesday. When was Bob at the Park?,Wednesday,Wednesday.,0,1,0.0,1,1,0,1,96.89901900128461,294.67429396955083,2972.83984375,pre_replay,False,0.0,0.0,0,0,0,0,0.0,0.0,0,0,0,0,0.0,0.0,0,0,0,0,0,0,0,0,0,0,0,0,0,0,0,0
33,Carol met at the Mall on Monday. What did Carol do?,met,Met at the Mall on Monday.,0,0,0.0,6,1,1,1,221.75401999993483,294.67429396955083,2972.83984375,pre_replay,False,0.0,0.0,0,0,0,0,0.0,0.0,0,0,0,0,0.0,0.0,0,0,0,0,0,0,0,0,0,0,0,0,0,0,0,0
34,Bob met at the Cafe on Tuesday. Where was Bob?,the Cafe,Cafe,0,1,0.6666666666666666,1,2,0,0,95.5128120003792,294.67429396955083,2972.83984375,pre_replay,False,0.0,0.0,0,0,0,0,0.0,0.0,0,0,0,0,0.0,0.0,0,0,0,0,0,0,0,0,0,0,0,0,0,0,0,0
35,Alice found at the Mall on Monday. Who was at the Mall?,Alice,Alice.,0,1,0.0,1,1,0,1,98.1741459982004,294.67429396955083,2972.83984375,pre_replay,False,0.0,0.0,0,0,0,0,0.0,0.0,0,0,0,0,0.0,0.0,0,0,0,0,0,0,0,0,0,0,0,0,0,0,0,0
36,Dave helped at the Mall on Wednesday. Who was at the Mall?,Dave,Dave was at the Mall.,0,0,0.33333333333333337,5,1,1,1,196.36329100103467,294.67429396955083,2972.83984375,pre_replay,False,0.0,0.0,0,0,0,0,0.0,0.0,0,0,0,0,0.0,0.0,0,0,0,0,0,0,0,0,0,0,0,0,0,0,0,0
37,Alice saw at the Mall on Tuesday. What did Alice do?,saw,Saw at the Mall.,0,0,0.0,4,1,1,1,195.19405499886489,294.67429396955083,2972.83984375,pre_replay,False,0.0,0.0,0,0,0,0,0.0,0.0,0,0,0,0,0.0,0.0,0,0,0,0,0,0,0,0,0,0,0,0,0,0,0,0
38,Carol met at the Park on Tuesday. What did Carol do?,met,met at the Park on Tuesday.,0,0,0.2857142857142857,6,1,1,1,222.5045939994743,294.67429396955083,2972.83984375,pre_replay,False,0.0,0.0,0,0,0,0,0.0,0.0,0,0,0,0,0.0,0.0,0,0,0,0,0,0,0,0,0,0,0,0,0,0,0,0
39,Carol helped at the Cafe on Tuesday. Who was at the Cafe?,Carol,Carol was at the Cafe.,0,0,0.33333333333333337,5,1,1,1,196.39819100120803,294.67429396955083,2972.83984375,pre_replay,False,0.0,0.0,0,0,0,0,0.0,0.0,0,0,0,0,0.0,0.0,0,0,0,0,0,0,0,0,0,0,0,0,0,0,0,0
40,Alice helped at the Mall on Wednesday. Who was at the Mall?,Alice,Alice.,0,1,0.0,1,1,0,1,99.31092099941452,294.67429396955083,2972.83984375,pre_replay,False,0.0,0.0,0,0,0,0,0.0,0.0,0,0,0,0,0.0,0.0,0,0,0,0,0,0,0,0,0,0,0,0,0,0,0,0
41,Carol helped at the Mall on Tuesday. When was Carol at the Mall?,Tuesday,Tuesday.,0,1,0.0,1,1,0,1,98.02039499845705,294.67429396955083,2972.83984375,pre_replay,False,0.0,0.0,0,0,0,0,0.0,0.0,0,0,0,0,0.0,0.0,0,0,0,0,0,0,0,0,0,0,0,0,0,0,0,0
42,Bob helped at the Mall on Thursday. When was Bob at the Mall?,Thursday,Thursday.,0,1,0.0,1,1,0,1,99.85274500286323,294.67429396955083,2972.83984375,pre_replay,False,0.0,0.0,0,0,0,0,0.0,0.0,0,0,0,0,0.0,0.0,0,0,0,0,0,0,0,0,0,0,0,0,0,0,0,0
43,Dave found at the Cafe on Wednesday. Who was at the Cafe?,Dave,Dave,1,1,1.0,1,1,0,0,73.5698409989709,294.67429396955083,2972.83984375,pre_replay,False,0.0,0.0,0,0,0,0,0.0,0.0,0,0,0,0,0.0,0.0,0,0,0,0,0,0,0,0,0,0,0,0,0,0,0,0
44,Dave found at the Park on Monday. Where was Dave?,the Park,Park,0,1,0.6666666666666666,1,2,0,0,70.93388800058165,294.67429396955083,2972.83984375,pre_replay,False,0.0,0.0,0,0,0,0,0.0,0.0,0,0,0,0,0.0,0.0,0,0,0,0,0,0,0,0,0,0,0,0,0,0,0,0
45,Carol found at the Library on Thursday. Where was Carol?,the Library,Library,0,1,0.6666666666666666,1,2,0,0,72.19582499965327,294.67429396955083,2972.83984375,pre_replay,False,0.0,0.0,0,0,0,0,0.0,0.0,0,0,0,0,0.0,0.0,0,0,0,0,0,0,0,0,0,0,0,0,0,0,0,0
46,Alice helped at the Cafe on Wednesday. When was Alice at the Cafe?,Wednesday,Wednesday,1,1,1.0,1,1,0,0,73.15128900154377,294.67429396955083,2972.83984375,pre_replay,False,0.0,0.0,0,0,0,0,0.0,0.0,0,0,0,0,0.0,0.0,0,0,0,0,0,0,0,0,0,0,0,0,0,0,0,0
47,Carol helped at the Park on Thursday. What did Carol do?,helped,helped at the Park.,0,0,0.4,4,1,1,1,196.92925399795058,294.67429396955083,2972.83984375,pre_replay,False,0.0,0.0,0,0,0,0,0.0,0.0,0,0,0,0,0.0,0.0,0,0,0,0,0,0,0,0,0,0,0,0,0,0,0,0
48,Alice met at the Mall on Monday. Who was at the Mall?,Alice,Alice.,0,1,0.0,1,1,0,1,97.68774300027872,294.67429396955083,2972.83984375,pre_replay,False,0.0,0.0,0,0,0,0,0.0,0.0,0,0,0,0,0.0,0.0,0,0,0,0,0,0,0,0,0,0,0,0,0,0,0,0
49,Bob helped at the Library on Tuesday. When was Bob at the Library?,Tuesday,Tuesday.,0,1,0.0,1,1,0,1,99.00410000045667,294.67429396955083,2972.83984375,pre_replay,False,0.0,0.0,0,0,0,0,0.0,0.0,0,0,0,0,0.0,0.0,0,0,0,0,0,0,0,0,0,0,0,0,0,0,0,0
50,Alice saw at the Park on Thursday. Where was Alice?,the Park,Park,0,1,0.6666666666666666,1,2,0,0,70.72134799818741,294.67429396955083,2972.83984375,pre_replay,False,0.0,0.0,0,0,0,0,0.0,0.0,0,0,0,0,0.0,0.0,0,0,0,0,0,0,0,0,0,0,0,0,0,0,0,0
51,Alice helped at the Mall on Tuesday. When was Alice at the Mall?,Tuesday,Tuesday.,0,1,0.0,1,1,0,1,96.35418600009871,294.67429396955083,2972.83984375,pre_replay,False,0.0,0.0,0,0,0,0,0.0,0.0,0,0,0,0,0.0,0.0,0,0,0,0,0,0,0,0,0,0,0,0,0,0,0,0
52,Bob helped at the Park on Wednesday. Where was Bob?,the Park,Park.,0,1,0.0,1,2,0,1,95.62412299783318,294.67429396955083,2972.83984375,pre_replay,False,0.0,0.0,0,0,0,0,0.0,0.0,0,0,0,0,0.0,0.0,0,0,0,0,0,0,0,0,0,0,0,0,0,0,0,0
53,Carol saw at the Park on Thursday. What did Carol do?,saw,see at the park,0,0,0.0,4,1,1,0,150.02590699805296,294.67429396955083,2972.83984375,pre_replay,False,0.0,0.0,0,0,0,0,0.0,0.0,0,0,0,0,0.0,0.0,0,0,0,0,0,0,0,0,0,0,0,0,0,0,0,0
54,Dave saw at the Library on Thursday. Where was Dave?,the Library,Library,0,1,0.6666666666666666,1,2,0,0,71.11801900100545,294.67429396955083,2972.83984375,pre_replay,False,0.0,0.0,0,0,0,0,0.0,0.0,0,0,0,0,0.0,0.0,0,0,0,0,0,0,0,0,0,0,0,0,0,0,0,0
55,Alice saw at the Cafe on Thursday. What did Alice do?,saw,saw at the cafe on Thursday,0,0,0.2857142857142857,6,1,1,0,223.80550000161747,294.67429396955083,2972.83984375,pre_replay,False,0.0,0.0,0,0,0,0,0.0,0.0,0,0,0,0,0.0,0.0,0,0,0,0,0,0,0,0,0,0,0,0,0,0,0,0
56,Dave met at the Mall on Monday. Who was at the Mall?,Dave,Dave.,0,1,0.0,1,1,0,1,96.42324699962046,294.67429396955083,2972.83984375,pre_replay,False,0.0,0.0,0,0,0,0,0.0,0.0,0,0,0,0,0.0,0.0,0,0,0,0,0,0,0,0,0,0,0,0,0,0,0,0
57,Carol helped at the Cafe on Wednesday. What did Carol do?,helped,helped at the Cafe.,0,0,0.4,4,1,1,1,201.5503680013353,294.67429396955083,2972.83984375,pre_replay,False,0.0,0.0,0,0,0,0,0.0,0.0,0,0,0,0,0.0,0.0,0,0,0,0,0,0,0,0,0,0,0,0,0,0,0,0
58,Dave found at the Cafe on Thursday. Where was Dave?,the Cafe,Cafe,0,1,0.6666666666666666,1,2,0,0,96.63246799755143,294.67429396955083,2972.83984375,pre_replay,False,0.0,0.0,0,0,0,0,0.0,0.0,0,0,0,0,0.0,0.0,0,0,0,0,0,0,0,0,0,0,0,0,0,0,0,0
59,Alice met at the Cafe on Monday. Who was at the Cafe?,Alice,Alice.,0,1,0.0,1,1,0,1,97.95301500344067,294.67429396955083,2972.83984375,pre_replay,False,0.0,0.0,0,0,0,0,0.0,0.0,0,0,0,0,0.0,0.0,0,0,0,0,0,0,0,0,0,0,0,0,0,0,0,0
60,Bob met at the Mall on Thursday. What did Bob do?,met,Bob went shopping at the Mall.,0,0,0.0,6,1,1,1,230.80137600118178,294.67429396955083,2972.83984375,pre_replay,False,0.0,0.0,0,0,0,0,0.0,0.0,0,0,0,0,0.0,0.0,0,0,0,0,0,0,0,0,0,0,0,0,0,0,0,0
61,Alice found at the Mall on Wednesday. When was Alice at the Mall?,Wednesday,Wednesday.,0,1,0.0,1,1,0,1,97.73130299799959,294.67429396955083,2972.83984375,pre_replay,False,0.0,0.0,0,0,0,0,0.0,0.0,0,0,0,0,0.0,0.0,0,0,0,0,0,0,0,0,0,0,0,0,0,0,0,0
62,Carol met at the Park on Tuesday. What did Carol do?,met,met at the Park,0,0,0.4,4,1,1,0,149.06297299967264,294.67429396955083,2972.83984375,pre_replay,False,0.0,0.0,0,0,0,0,0.0,0.0,0,0,0,0,0.0,0.0,0,0,0,0,0,0,0,0,0,0,0,0,0,0,0,0
63,Dave helped at the Library on Tuesday. Who was at the Library?,Dave,Dave was at the Library.,0,0,0.33333333333333337,5,1,1,1,200.2878610001062,294.67429396955083,2972.83984375,pre_replay,False,0.0,0.0,0,0,0,0,0.0,0.0,0,0,0,0,0.0,0.0,0,0,0,0,0,0,0,0,0,0,0,0,0,0,0,0
64,Alice met at the Cafe on Tuesday. Where was Alice?,the Cafe,Cafe,0,1,0.6666666666666666,1,2,0,0,97.60414300035336,294.67429396955083,2972.83984375,pre_replay,False,0.0,0.0,0,0,0,0,0.0,0.0,0,0,0,0,0.0,0.0,0,0,0,0,0,0,0,0,0,0,0,0,0,0,0,0
65,Carol met at the Library on Thursday. Who was at the Library?,Carol,Carol was at the Library.,0,0,0.33333333333333337,5,1,1,1,204.10171099865693,294.67429396955083,2972.83984375,pre_replay,False,0.0,0.0,0,0,0,0,0.0,0.0,0,0,0,0,0.0,0.0,0,0,0,0,0,0,0,0,0,0,0,0,0,0,0,0
66,Carol found at the Park on Monday. Where was Carol?,the Park,Park,0,1,0.6666666666666666,1,2,0,0,72.84241799789015,294.67429396955083,2972.83984375,pre_replay,False,0.0,0.0,0,0,0,0,0.0,0.0,0,0,0,0,0.0,0.0,0,0,0,0,0,0,0,0,0,0,0,0,0,0,0,0
67,Dave met at the Park on Thursday. Where was Dave?,the Park,Park,0,1,0.6666666666666666,1,2,0,0,70.53587599875755,294.67429396955083,2972.83984375,pre_replay,False,0.0,0.0,0,0,0,0,0.0,0.0,0,0,0,0,0.0,0.0,0,0,0,0,0,0,0,0,0,0,0,0,0,0,0,0
68,Alice helped at the Cafe on Thursday. Who was at the Cafe?,Alice,Alice.,0,1,0.0,1,1,0,1,96.2339459983923,294.67429396955083,2972.83984375,pre_replay,False,0.0,0.0,0,0,0,0,0.0,0.0,0,0,0,0,0.0,0.0,0,0,0,0,0,0,0,0,0,0,0,0,0,0,0,0
69,Alice helped at the Park on Monday. Who was at the Park?,Alice,Alice was at the Park on Monday.,0,0,0.25,7,1,1,1,250.19187300131307,294.67429396955083,2972.83984375,pre_replay,False,0.0,0.0,0,0,0,0,0.0,0.0,0,0,0,0,0.0,0.0,0,0,0,0,0,0,0,0,0,0,0,0,0,0,0,0
70,Dave helped at the Cafe on Tuesday. Where was Dave?,the Cafe,Cafe,0,1,0.6666666666666666,1,2,0,0,96.87091000159853,294.67429396955083,2972.83984375,pre_replay,False,0.0,0.0,0,0,0,0,0.0,0.0,0,0,0,0,0.0,0.0,0,0,0,0,0,0,0,0,0,0,0,0,0,0,0,0
71,Bob helped at the Park on Thursday. When was Bob at the Park?,Thursday,Thursday.,0,1,0.0,1,1,0,1,97.96190400084015,294.67429396955083,2972.83984375,pre_replay,False,0.0,0.0,0,0,0,0,0.0,0.0,0,0,0,0,0.0,0.0,0,0,0,0,0,0,0,0,0,0,0,0,0,0,0,0
72,Alice helped at the Cafe on Monday. Where was Alice?,the Cafe,Cafe,0,1,0.6666666666666666,1,2,0,0,98.79108899986022,294.67429396955083,2972.83984375,pre_replay,False,0.0,0.0,0,0,0,0,0.0,0.0,0,0,0,0,0.0,0.0,0,0,0,0,0,0,0,0,0,0,0,0,0,0,0,0
73,Carol helped at the Cafe on Thursday. When was Carol at the Cafe?,Thursday,Thursday.,0,1,0.0,1,1,0,1,99.05575000084355,294.67429396955083,2972.83984375,pre_replay,False,0.0,0.0,0,0,0,0,0.0,0.0,0,0,0,0,0.0,0.0,0,0,0,0,0,0,0,0,0,0,0,0,0,0,0,0
74,Bob saw at the Park on Wednesday. When was Bob at the Park?,Wednesday,Wednesday,1,1,1.0,1,1,0,0,72.87303900011466,294.67429396955083,2972.83984375,pre_replay,False,0.0,0.0,0,0,0,0,0.0,0.0,0,0,0,0,0.0,0.0,0,0,0,0,0,0,0,0,0,0,0,0,0,0,0,0
75,Carol found at the Mall on Thursday. When was Carol at the Mall?,Thursday,Thursday,1,1,1.0,1,1,0,0,74.40388499890105,294.67429396955083,2972.83984375,pre_replay,False,0.0,0.0,0,0,0,0,0.0,0.0,0,0,0,0,0.0,0.0,0,0,0,0,0,0,0,0,0,0,0,0,0,0,0,0
76,Carol met at the Cafe on Monday. What did Carol do?,met,met at the Cafe on Monday.,0,0,0.2857142857142857,6,1,1,1,224.9793070004671,294.67429396955083,2972.83984375,pre_replay,False,0.0,0.0,0,0,0,0,0.0,0.0,0,0,0,0,0.0,0.0,0,0,0,0,0,0,0,0,0,0,0,0,0,0,0,0
77,Alice found at the Cafe on Monday. Who was at the Cafe?,Alice,Alice.,0,1,0.0,1,1,0,1,98.38726599991787,294.67429396955083,2972.83984375,pre_replay,False,0.0,0.0,0,0,0,0,0.0,0.0,0,0,0,0,0.0,0.0,0,0,0,0,0,0,0,0,0,0,0,0,0,0,0,0
78,Bob met at the Library on Monday. What did Bob do?,met,met at the Library on Monday.,0,0,0.2857142857142857,6,1,1,1,221.19782699883217,294.67429396955083,2972.83984375,pre_replay,False,0.0,0.0,0,0,0,0,0.0,0.0,0,0,0,0,0.0,0.0,0,0,0,0,0,0,0,0,0,0,0,0,0,0,0,0
79,Dave saw at the Cafe on Thursday. Where was Dave?,the Cafe,Cafe,0,1,0.6666666666666666,1,2,0,0,98.29973699743277,294.67429396955083,2972.83984375,pre_replay,False,0.0,0.0,0,0,0,0,0.0,0.0,0,0,0,0,0.0,0.0,0,0,0,0,0,0,0,0,0,0,0,0,0,0,0,0
80,Dave helped at the Park on Wednesday. When was Dave at the Park?,Wednesday,Wednesday.,0,1,0.0,1,1,0,1,100.010124999244,294.67429396955083,2972.83984375,pre_replay,False,0.0,0.0,0,0,0,0,0.0,0.0,0,0,0,0,0.0,0.0,0,0,0,0,0,0,0,0,0,0,0,0,0,0,0,0
81,Bob met at the Library on Wednesday. Who was at the Library?,Bob,Bob was at the Library.,0,0,0.33333333333333337,5,1,1,1,202.4251920011011,294.67429396955083,2972.83984375,pre_replay,False,0.0,0.0,0,0,0,0,0.0,0.0,0,0,0,0,0.0,0.0,0,0,0,0,0,0,0,0,0,0,0,0,0,0,0,0
82,Bob found at the Cafe on Thursday. What did Bob do?,found,Found at the Cafe on Thursday.,0,0,0.0,6,1,1,1,224.71811500145122,294.67429396955083,2972.83984375,pre_replay,False,0.0,0.0,0,0,0,0,0.0,0.0,0,0,0,0,0.0,0.0,0,0,0,0,0,0,0,0,0,0,0,0,0,0,0,0
83,Bob helped at the Library on Monday. What did Bob do?,helped,helped at the Library.,0,0,0.4,4,1,1,1,199.1604559989355,294.67429396955083,2972.83984375,pre_replay,False,0.0,0.0,0,0,0,0,0.0,0.0,0,0,0,0,0.0,0.0,0,0,0,0,0,0,0,0,0,0,0,0,0,0,0,0
84,Carol helped at the Park on Tuesday. What did Carol do?,helped,helped at the Park,0,0,0.4,4,1,1,0,173.6071669984085,294.67429396955083,2972.83984375,pre_replay,False,0.0,0.0,0,0,0,0,0.0,0.0,0,0,0,0,0.0,0.0,0,0,0,0,0,0,0,0,0,0,0,0,0,0,0,0
85,Bob met at the Mall on Monday. Where was Bob?,the Mall,Mall,0,1,0.6666666666666666,1,2,0,0,96.594427999662,294.67429396955083,2972.83984375,pre_replay,False,0.0,0.0,0,0,0,0,0.0,0.0,0,0,0,0,0.0,0.0,0,0,0,0,0,0,0,0,0,0,0,0,0,0,0,0
86,Alice helped at the Cafe on Monday. What did Alice do?,helped,helped at the Cafe,0,0,0.4,4,1,1,0,174.3565699980536,294.67429396955083,2972.83984375,pre_replay,False,0.0,0.0,0,0,0,0,0.0,0.0,0,0,0,0,0.0,0.0,0,0,0,0,0,0,0,0,0,0,0,0,0,0,0,0
87,Alice met at the Cafe on Wednesday. Who was at the Cafe?,Alice,Alice.,0,1,0.0,1,1,0,1,96.09863600053359,294.67429396955083,2972.83984375,pre_replay,False,0.0,0.0,0,0,0,0,0.0,0.0,0,0,0,0,0.0,0.0,0,0,0,0,0,0,0,0,0,0,0,0,0,0,0,0
88,Dave met at the Cafe on Thursday. What did Dave do?,met,met at the Cafe on Thursday.,0,0,0.2857142857142857,6,1,1,1,220.88568499748362,294.67429396955083,2972.83984375,pre_replay,False,0.0,0.0,0,0,0,0,0.0,0.0,0,0,0,0,0.0,0.0,0,0,0,0,0,0,0,0,0,0,0,0,0,0,0,0
89,Carol helped at the Library on Wednesday. Where was Carol?,the Library,Library.,0,1,0.0,1,2,0,1,96.69443900202168,294.67429396955083,2972.83984375,pre_replay,False,0.0,0.0,0,0,0,0,0.0,0.0,0,0,0,0,0.0,0.0,0,0,0,0,0,0,0,0,0,0,0,0,0,0,0,0
90,Carol helped at the Park on Tuesday. When was Carol at the Park?,Tuesday,Tuesday.,0,1,0.0,1,1,0,1,99.59751299902564,294.67429396955083,2972.83984375,pre_replay,False,0.0,0.0,0,0,0,0,0.0,0.0,0,0,0,0,0.0,0.0,0,0,0,0,0,0,0,0,0,0,0,0,0,0,0,0
91,Dave helped at the Library on Thursday. When was Dave at the Library?,Thursday,Thursday.,0,1,0.0,1,1,0,1,96.05547499813838,294.67429396955083,2972.83984375,pre_replay,False,0.0,0.0,0,0,0,0,0.0,0.0,0,0,0,0,0.0,0.0,0,0,0,0,0,0,0,0,0,0,0,0,0,0,0,0
92,Dave met at the Mall on Thursday. When was Dave at the Mall?,Thursday,Thursday.,0,1,0.0,1,1,0,1,97.88214400032302,294.67429396955083,2972.83984375,pre_replay,False,0.0,0.0,0,0,0,0,0.0,0.0,0,0,0,0,0.0,0.0,0,0,0,0,0,0,0,0,0,0,0,0,0,0,0,0
93,Bob met at the Library on Tuesday. What did Bob do?,met,met at the Library on Tuesday. What did Bob do?,0,0,0.18181818181818182,10,1,1,0,350.4684109975642,294.67429396955083,2972.83984375,pre_replay,False,0.0,0.0,0,0,0,0,0.0,0.0,0,0,0,0,0.0,0.0,0,0,0,0,0,0,0,0,0,0,0,0,0,0,0,0
94,Bob met at the Mall on Tuesday. Where was Bob?,the Mall,Mall,0,1,0.6666666666666666,1,2,0,0,97.70346300138044,294.67429396955083,2972.83984375,pre_replay,False,0.0,0.0,0,0,0,0,0.0,0.0,0,0,0,0,0.0,0.0,0,0,0,0,0,0,0,0,0,0,0,0,0,0,0,0
95,Alice saw at the Cafe on Thursday. When was Alice at the Cafe?,Thursday,Thursday.,0,1,0.0,1,1,0,1,96.95401000135462,294.67429396955083,2972.83984375,pre_replay,False,0.0,0.0,0,0,0,0,0.0,0.0,0,0,0,0,0.0,0.0,0,0,0,0,0,0,0,0,0,0,0,0,0,0,0,0
96,Carol saw at the Mall on Tuesday. Who was at the Mall?,Carol,Carol,1,1,1.0,1,1,0,0,71.9099730013113,294.67429396955083,2972.83984375,pre_replay,False,0.0,0.0,0,0,0,0,0.0,0.0,0,0,0,0,0.0,0.0,0,0,0,0,0,0,0,0,0,0,0,0,0,0,0,0
97,Carol saw at the Park on Tuesday. What did Carol do?,saw,see at the park,0,0,0.0,4,1,1,0,151.00655300193466,294.67429396955083,2972.83984375,pre_replay,False,0.0,0.0,0,0,0,0,0.0,0.0,0,0,0,0,0.0,0.0,0,0,0,0,0,0,0,0,0,0,0,0,0,0,0,0
98,Alice saw at the Park on Wednesday. Where was Alice?,the Park,Park,0,1,0.6666666666666666,1,2,0,0,72.3672149979393,294.67429396955083,2972.83984375,pre_replay,False,0.0,0.0,0,0,0,0,0.0,0.0,0,0,0,0,0.0,0.0,0,0,0,0,0,0,0,0,0,0,0,0,0,0,0,0
99,Alice met at the Park on Wednesday. Where was Alice?,the Park,The Park.,0,1,0.0,2,2,0,1,126.2057480016665,294.67429396955083,2972.83984375,pre_replay,False,0.0,0.0,0,0,0,0,0.0,0.0,0,0,0,0,0.0,0.0,0,0,0,0,0,0,0,0,0,0,0,0,0,0,0,0
100,Bob helped at the Mall on Monday. What did Bob do?,helped,helped at the Mall.,0,0,0.4,4,1,1,1,200.78801400086377,294.67429396955083,2972.83984375,pre_replay,False,0.0,0.0,0,0,0,0,0.0,0.0,0,0,0,0,0.0,0.0,0,0,0,0,0,0,0,0,0,0,0,0,0,0,0,0
101,Dave helped at the Mall on Thursday. When was Dave at the Mall?,Thursday,Thursday.,0,1,0.0,1,1,0,1,97.83341400179779,294.67429396955083,2972.83984375,pre_replay,False,0.0,0.0,0,0,0,0,0.0,0.0,0,0,0,0,0.0,0.0,0,0,0,0,0,0,0,0,0,0,0,0,0,0,0,0
102,Alice met at the Park on Wednesday. What did Alice do?,met,met at the Park,0,0,0.4,4,1,1,0,148.6306410006364,294.67429396955083,2972.83984375,pre_replay,False,0.0,0.0,0,0,0,0,0.0,0.0,0,0,0,0,0.0,0.0,0,0,0,0,0,0,0,0,0,0,0,0,0,0,0,0
103,Dave helped at the Cafe on Tuesday. Where was Dave?,the Cafe,Cafe,0,1,0.6666666666666666,1,2,0,0,97.87077399960253,294.67429396955083,2972.83984375,pre_replay,False,0.0,0.0,0,0,0,0,0.0,0.0,0,0,0,0,0.0,0.0,0,0,0,0,0,0,0,0,0,0,0,0,0,0,0,0
104,Bob saw at the Cafe on Monday. Where was Bob?,the Cafe,Cafe,0,1,0.6666666666666666,1,2,0,0,96.29440700155101,294.67429396955083,2972.83984375,pre_replay,False,0.0,0.0,0,0,0,0,0.0,0.0,0,0,0,0,0.0,0.0,0,0,0,0,0,0,0,0,0,0,0,0,0,0,0,0
105,Carol met at the Park on Wednesday. Where was Carol?,the Park,Park,0,1,0.6666666666666666,1,2,0,0,72.43978599944967,294.67429396955083,2972.83984375,pre_replay,False,0.0,0.0,0,0,0,0,0.0,0.0,0,0,0,0,0.0,0.0,0,0,0,0,0,0,0,0,0,0,0,0,0,0,0,0
106,Dave met at the Cafe on Thursday. When was Dave at the Cafe?,Thursday,Thursday.,0,1,0.0,1,1,0,1,100.34498700042604,294.67429396955083,2972.83984375,pre_replay,False,0.0,0.0,0,0,0,0,0.0,0.0,0,0,0,0,0.0,0.0,0,0,0,0,0,0,0,0,0,0,0,0,0,0,0,0
107,Carol found at the Park on Monday. Who was at the Park?,Carol,Carol,1,1,1.0,1,1,0,0,72.51281600110815,294.67429396955083,2972.83984375,pre_replay,False,0.0,0.0,0,0,0,0,0.0,0.0,0,0,0,0,0.0,0.0,0,0,0,0,0,0,0,0,0,0,0,0,0,0,0,0
108,Alice found at the Library on Thursday. What did Alice do?,found,Found at the Library on Thursday.,0,0,0.0,6,1,1,1,223.17186700092861,294.67429396955083,2972.83984375,pre_replay,False,0.0,0.0,0,0,0,0,0.0,0.0,0,0,0,0,0.0,0.0,0,0,0,0,0,0,0,0,0,0,0,0,0,0,0,0
109,Carol met at the Library on Wednesday. Where was Carol?,the Library,Library.,0,1,0.0,1,2,0,1,96.58063800088712,294.67429396955083,2972.83984375,pre_replay,False,0.0,0.0,0,0,0,0,0.0,0.0,0,0,0,0,0.0,0.0,0,0,0,0,0,0,0,0,0,0,0,0,0,0,0,0
110,Carol saw at the Cafe on Thursday. Where was Carol?,the Cafe,Cafe,0,1,0.6666666666666666,1,2,0,0,97.30260200012708,294.67429396955083,2972.83984375,pre_replay,False,0.0,0.0,0,0,0,0,0.0,0.0,0,0,0,0,0.0,0.0,0,0,0,0,0,0,0,0,0,0,0,0,0,0,0,0
111,Dave found at the Library on Monday. Who was at the Library?,Dave,Dave.,0,1,0.0,1,1,0,1,97.19923099692096,294.67429396955083,2972.83984375,pre_replay,False,0.0,0.0,0,0,0,0,0.0,0.0,0,0,0,0,0.0,0.0,0,0,0,0,0,0,0,0,0,0,0,0,0,0,0,0
112,Bob found at the Mall on Thursday. When was Bob at the Mall?,Thursday,Thursday,1,1,1.0,1,1,0,0,72.63774700186332,294.67429396955083,2972.83984375,pre_replay,False,0.0,0.0,0,0,0,0,0.0,0.0,0,0,0,0,0.0,0.0,0,0,0,0,0,0,0,0,0,0,0,0,0,0,0,0
113,Alice met at the Library on Tuesday. When was Alice at the Library?,Tuesday,Tuesday.,0,1,0.0,1,1,0,1,97.20555099920603,294.67429396955083,2972.83984375,pre_replay,False,0.0,0.0,0,0,0,0,0.0,0.0,0,0,0,0,0.0,0.0,0,0,0,0,0,0,0,0,0,0,0,0,0,0,0,0
114,Dave found at the Library on Tuesday. Where was Dave?,the Library,Library,0,1,0.6666666666666666,1,2,0,0,72.33220499983872,294.67429396955083,2972.83984375,pre_replay,False,0.0,0.0,0,0,0,0,0.0,0.0,0,0,0,0,0.0,0.0,0,0,0,0,0,0,0,0,0,0,0,0,0,0,0,0
115,Dave found at the Cafe on Thursday. Where was Dave?,the Cafe,Cafe,0,1,0.6666666666666666,1,2,0,0,95.73070400074357,294.67429396955083,2972.83984375,pre_replay,False,0.0,0.0,0,0,0,0,0.0,0.0,0,0,0,0,0.0,0.0,0,0,0,0,0,0,0,0,0,0,0,0,0,0,0,0
116,Alice found at the Library on Tuesday. When was Alice at the Library?,Tuesday,Tuesday.,0,1,0.0,1,1,0,1,98.82503900007578,294.67429396955083,2972.83984375,pre_replay,False,0.0,0.0,0,0,0,0,0.0,0.0,0,0,0,0,0.0,0.0,0,0,0,0,0,0,0,0,0,0,0,0,0,0,0,0
117,Bob met at the Cafe on Thursday. Where was Bob?,the Cafe,Cafe,0,1,0.6666666666666666,1,2,0,0,96.89016999982414,294.67429396955083,2972.83984375,pre_replay,False,0.0,0.0,0,0,0,0,0.0,0.0,0,0,0,0,0.0,0.0,0,0,0,0,0,0,0,0,0,0,0,0,0,0,0,0
118,Carol met at the Mall on Tuesday. Where was Carol?,the Mall,at the Mall,0,0,0.8,3,2,1,0,123.47657300051651,294.67429396955083,2972.83984375,pre_replay,False,0.0,0.0,0,0,0,0,0.0,0.0,0,0,0,0,0.0,0.0,0,0,0,0,0,0,0,0,0,0,0,0,0,0,0,0
119,Alice met at the Library on Wednesday. Who was at the Library?,Alice,Alice.,0,1,0.0,1,1,0,1,97.61750400139135,294.67429396955083,2972.83984375,pre_replay,False,0.0,0.0,0,0,0,0,0.0,0.0,0,0,0,0,0.0,0.0,0,0,0,0,0,0,0,0,0,0,0,0,0,0,0,0
120,Alice found at the Library on Wednesday. When was Alice at the Library?,Wednesday,Wednesday.,0,1,0.0,1,1,0,1,101.9681350007886,294.67429396955083,2972.83984375,pre_replay,False,0.0,0.0,0,0,0,0,0.0,0.0,0,0,0,0,0.0,0.0,0,0,0,0,0,0,0,0,0,0,0,0,0,0,0,0
121,Dave saw at the Mall on Thursday. What did Dave do?,saw,Saw at the Mall on Thursday.,0,0,0.0,6,1,1,1,253.01231899720733,294.67429396955083,2972.83984375,pre_replay,False,0.0,0.0,0,0,0,0,0.0,0.0,0,0,0,0,0.0,0.0,0,0,0,0,0,0,0,0,0,0,0,0,0,0,0,0
122,Bob found at the Mall on Thursday. Who was at the Mall?,Bob,Bob.,0,1,0.0,1,1,0,1,98.18101600103546,294.67429396955083,2972.83984375,pre_replay,False,0.0,0.0,0,0,0,0,0.0,0.0,0,0,0,0,0.0,0.0,0,0,0,0,0,0,0,0,0,0,0,0,0,0,0,0
123,Carol found at the Park on Thursday. Where was Carol?,the Park,Park,0,1,0.6666666666666666,1,2,0,0,72.29690500025754,294.67429396955083,2972.83984375,pre_replay,False,0.0,0.0,0,0,0,0,0.0,0.0,0,0,0,0,0.0,0.0,0,0,0,0,0,0,0,0,0,0,0,0,0,0,0,0
124,Dave saw at the Mall on Tuesday. When was Dave at the Mall?,Tuesday,Tuesday.,0,1,0.0,1,1,0,1,97.788084000058,294.67429396955083,2972.83984375,pre_replay,False,0.0,0.0,0,0,0,0,0.0,0.0,0,0,0,0,0.0,0.0,0,0,0,0,0,0,0,0,0,0,0,0,0,0,0,0
125,Bob met at the Cafe on Wednesday. What did Bob do?,met,met at the Cafe on Wednesday.,0,0,0.2857142857142857,6,1,1,1,225.2647880013683,294.67429396955083,2972.83984375,pre_replay,False,0.0,0.0,0,0,0,0,0.0,0.0,0,0,0,0,0.0,0.0,0,0,0,0,0,0,0,0,0,0,0,0,0,0,0,0
126,Dave met at the Library on Monday. What did Dave do?,met,met at the Library on Monday.,0,0,0.2857142857142857,6,1,1,1,224.18224300054135,294.67429396955083,2972.83984375,pre_replay,False,0.0,0.0,0,0,0,0,0.0,0.0,0,0,0,0,0.0,0.0,0,0,0,0,0,0,0,0,0,0,0,0,0,0,0,0
127,Alice helped at the Library on Wednesday. When was Alice at the Library?,Wednesday,Wednesday.,0,1,0.0,1,1,0,1,99.93471499910811,294.67429396955083,2972.83984375,pre_replay,False,0.0,0.0,0,0,0,0,0.0,0.0,0,0,0,0,0.0,0.0,0,0,0,0,0,0,0,0,0,0,0,0,0,0,0,0
128,Bob found at the Library on Tuesday. Where was Bob?,the Library,Library,0,1,0.6666666666666666,1,2,0,0,72.5379060022533,294.67429396955083,2972.83984375,pre_replay,False,0.0,0.0,0,0,0,0,0.0,0.0,0,0,0,0,0.0,0.0,0,0,0,0,0,0,0,0,0,0,0,0,0,0,0,0
129,Alice saw at the Mall on Tuesday. When was Alice at the Mall?,Tuesday,Tuesday.,0,1,0.0,1,1,0,1,97.16822100017453,294.67429396955083,2972.83984375,pre_replay,False,0.0,0.0,0,0,0,0,0.0,0.0,0,0,0,0,0.0,0.0,0,0,0,0,0,0,0,0,0,0,0,0,0,0,0,0
130,Bob met at the Library on Thursday. Where was Bob?,the Library,The Library.,0,1,0.0,2,2,0,1,122.00756699894555,294.67429396955083,2972.83984375,pre_replay,False,0.0,0.0,0,0,0,0,0.0,0.0,0,0,0,0,0.0,0.0,0,0,0,0,0,0,0,0,0,0,0,0,0,0,0,0
131,Alice met at the Park on Tuesday. Where was Alice?,the Park,Park,0,1,0.6666666666666666,1,2,0,0,72.22497399925487,294.67429396955083,2972.83984375,pre_replay,False,0.0,0.0,0,0,0,0,0.0,0.0,0,0,0,0,0.0,0.0,0,0,0,0,0,0,0,0,0,0,0,0,0,0,0,0
132,Dave met at the Cafe on Tuesday. What did Dave do?,met,met at the Cafe on Tuesday.,0,0,0.2857142857142857,6,1,1,1,225.1618980008061,294.67429396955083,2972.83984375,pre_replay,False,0.0,0.0,0,0,0,0,0.0,0.0,0,0,0,0,0.0,0.0,0,0,0,0,0,0,0,0,0,0,0,0,0,0,0,0
133,Dave found at the Park on Monday. Who was at the Park?,Dave,Dave was at the Park on Monday.,0,0,0.25,7,1,1,1,250.2053239986708,294.67429396955083,2972.83984375,pre_replay,False,0.0,0.0,0,0,0,0,0.0,0.0,0,0,0,0,0.0,0.0,0,0,0,0,0,0,0,0,0,0,0,0,0,0,0,0
134,Dave saw at the Cafe on Tuesday. Who was at the Cafe?,Dave,Dave.,0,1,0.0,1,1,0,1,97.46435299894074,294.67429396955083,2972.83984375,pre_replay,False,0.0,0.0,0,0,0,0,0.0,0.0,0,0,0,0,0.0,0.0,0,0,0,0,0,0,0,0,0,0,0,0,0,0,0,0
135,Bob helped at the Cafe on Monday. Where was Bob?,the Cafe,Cafe,0,1,0.6666666666666666,1,2,0,0,98.04232500027865,294.67429396955083,2972.83984375,pre_replay,False,0.0,0.0,0,0,0,0,0.0,0.0,0,0,0,0,0.0,0.0,0,0,0,0,0,0,0,0,0,0,0,0,0,0,0,0
136,Dave met at the Mall on Tuesday. When was Dave at the Mall?,Tuesday,Tuesday.,0,1,0.0,1,1,0,1,97.69408400097745,294.67429396955083,2972.83984375,pre_replay,False,0.0,0.0,0,0,0,0,0.0,0.0,0,0,0,0,0.0,0.0,0,0,0,0,0,0,0,0,0,0,0,0,0,0,0,0
137,Bob helped at the Mall on Monday. What did Bob do?,helped,helped at the Mall.,0,0,0.4,4,1,1,1,201.7123490004451,294.67429396955083,2972.83984375,pre_replay,False,0.0,0.0,0,0,0,0,0.0,0.0,0,0,0,0,0.0,0.0,0,0,0,0,0,0,0,0,0,0,0,0,0,0,0,0
138,Dave saw at the Mall on Thursday. When was Dave at the Mall?,Thursday,Thursday.,0,1,0.0,1,1,0,1,97.6953439967474,294.67429396955083,2972.83984375,pre_replay,False,0.0,0.0,0,0,0,0,0.0,0.0,0,0,0,0,0.0,0.0,0,0,0,0,0,0,0,0,0,0,0,0,0,0,0,0
139,Carol helped at the Cafe on Wednesday. Who was at the Cafe?,Carol,Carol was at the Cafe.,0,0,0.33333333333333337,5,1,1,1,201.5312779985834,294.67429396955083,2972.83984375,pre_replay,False,0.0,0.0,0,0,0,0,0.0,0.0,0,0,0,0,0.0,0.0,0,0,0,0,0,0,0,0,0,0,0,0,0,0,0,0
140,Dave saw at the Park on Tuesday. Who was at the Park?,Dave,Dave.,0,1,0.0,1,1,0,1,100.06319499734673,294.67429396955083,2972.83984375,pre_replay,False,0.0,0.0,0,0,0,0,0.0,0.0,0,0,0,0,0.0,0.0,0,0,0,0,0,0,0,0,0,0,0,0,0,0,0,0
141,Dave saw at the Park on Tuesday. Where was Dave?,the Park,Park,0,1,0.6666666666666666,1,2,0,0,72.62961700325832,294.67429396955083,2972.83984375,pre_replay,False,0.0,0.0,0,0,0,0,0.0,0.0,0,0,0,0,0.0,0.0,0,0,0,0,0,0,0,0,0,0,0,0,0,0,0,0
142,Bob found at the Cafe on Thursday. Who was at the Cafe?,Bob,Bob,1,1,1.0,1,1,0,0,71.95746400248026,294.67429396955083,2972.83984375,pre_replay,False,0.0,0.0,0,0,0,0,0.0,0.0,0,0,0,0,0.0,0.0,0,0,0,0,0,0,0,0,0,0,0,0,0,0,0,0
143,Carol met at the Library on Thursday. When was Carol at the Library?,Thursday,Thursday.,0,1,0.0,1,1,0,1,98.19354600040242,294.67429396955083,2972.83984375,pre_replay,False,0.0,0.0,0,0,0,0,0.0,0.0,0,0,0,0,0.0,0.0,0,0,0,0,0,0,0,0,0,0,0,0,0,0,0,0
144,Carol saw at the Library on Tuesday. When was Carol at the Library?,Tuesday,Tuesday,1,1,1.0,1,1,0,0,73.72604299962404,294.67429396955083,2972.83984375,pre_replay,False,0.0,0.0,0,0,0,0,0.0,0.0,0,0,0,0,0.0,0.0,0,0,0,0,0,0,0,0,0,0,0,0,0,0,0,0
145,Carol found at the Library on Wednesday. Where was Carol?,the Library,Library,0,1,0.6666666666666666,1,2,0,0,71.67381199906231,294.67429396955083,2972.83984375,pre_replay,False,0.0,0.0,0,0,0,0,0.0,0.0,0,0,0,0,0.0,0.0,0,0,0,0,0,0,0,0,0,0,0,0,0,0,0,0
146,Dave saw at the Library on Tuesday. Who was at the Library?,Dave,Dave.,0,1,0.0,1,1,0,1,98.09839599984116,294.67429396955083,2972.83984375,pre_replay,False,0.0,0.0,0,0,0,0,0.0,0.0,0,0,0,0,0.0,0.0,0,0,0,0,0,0,0,0,0,0,0,0,0,0,0,0
147,Carol helped at the Mall on Tuesday. When was Carol at the Mall?,Tuesday,Tuesday.,0,1,0.0,1,1,0,1,96.81932899911772,294.67429396955083,2972.83984375,pre_replay,False,0.0,0.0,0,0,0,0,0.0,0.0,0,0,0,0,0.0,0.0,0,0,0,0,0,0,0,0,0,0,0,0,0,0,0,0
148,Dave saw at the Library on Thursday. Where was Dave?,the Library,"Thursday, Library",0,0,0.5,2,2,0,0,121.10772199957864,294.67429396955083,2972.83984375,pre_replay,False,0.0,0.0,0,0,0,0,0.0,0.0,0,0,0,0,0.0,0.0,0,0,0,0,0,0,0,0,0,0,0,0,0,0,0,0
149,Bob met at the Park on Wednesday. Where was Bob?,the Park,Park,0,1,0.6666666666666666,1,2,0,0,73.18200999725377,294.67429396955083,2972.83984375,pre_replay,False,0.0,0.0,0,0,0,0,0.0,0.0,0,0,0,0,0.0,0.0,0,0,0,0,0,0,0,0,0,0,0,0,0,0,0,0
150,Bob found at the Park on Thursday. When was Bob at the Park?,Thursday,Thursday,1,1,1.0,1,1,0,0,72.50409600237617,294.67429396955083,2972.83984375,pre_replay,False,0.0,0.0,0,0,0,0,0.0,0.0,0,0,0,0,0.0,0.0,0,0,0,0,0,0,0,0,0,0,0,0,0,0,0,0
151,Bob helped at the Library on Thursday. When was Bob at the Library?,Thursday,Thursday.,0,1,0.0,1,1,0,1,97.2615520004183,294.67429396955083,2972.83984375,pre_replay,False,0.0,0.0,0,0,0,0,0.0,0.0,0,0,0,0,0.0,0.0,0,0,0,0,0,0,0,0,0,0,0,0,0,0,0,0
152,Carol helped at the Cafe on Wednesday. When was Carol at the Cafe?,Wednesday,Wednesday,1,1,1.0,1,1,0,0,73.40181000108714,294.67429396955083,2972.83984375,pre_replay,False,0.0,0.0,0,0,0,0,0.0,0.0,0,0,0,0,0.0,0.0,0,0,0,0,0,0,0,0,0,0,0,0,0,0,0,0
153,Bob saw at the Mall on Wednesday. When was Bob at the Mall?,Wednesday,Wednesday,1,1,1.0,1,1,0,0,75.95762399796513,294.67429396955083,2972.83984375,pre_replay,False,0.0,0.0,0,0,0,0,0.0,0.0,0,0,0,0,0.0,0.0,0,0,0,0,0,0,0,0,0,0,0,0,0,0,0,0
154,Carol met at the Park on Wednesday. When was Carol at the Park?,Wednesday,Wednesday.,0,1,0.0,1,1,0,1,100.15254599784384,294.67429396955083,2972.83984375,pre_replay,False,0.0,0.0,0,0,0,0,0.0,0.0,0,0,0,0,0.0,0.0,0,0,0,0,0,0,0,0,0,0,0,0,0,0,0,0
155,Alice saw at the Mall on Wednesday. Who was at the Mall?,Alice,Alice.,0,1,0.0,1,1,0,1,97.59872400172753,294.67429396955083,2972.83984375,pre_replay,False,0.0,0.0,0,0,0,0,0.0,0.0,0,0,0,0,0.0,0.0,0,0,0,0,0,0,0,0,0,0,0,0,0,0,0,0
156,Alice helped at the Park on Monday. Where was Alice?,the Park,Park,0,1,0.6666666666666666,1,2,0,0,73.11761900200509,294.67429396955083,2972.83984375,pre_replay,False,0.0,0.0,0,0,0,0,0.0,0.0,0,0,0,0,0.0,0.0,0,0,0,0,0,0,0,0,0,0,0,0,0,0,0,0
157,Dave met at the Mall on Thursday. When was Dave at the Mall?,Thursday,Thursday.,0,1,0.0,1,1,0,1,97.01133999988087,294.67429396955083,2972.83984375,pre_replay,False,0.0,0.0,0,0,0,0,0.0,0.0,0,0,0,0,0.0,0.0,0,0,0,0,0,0,0,0,0,0,0,0,0,0,0,0
158,Alice found at the Library on Thursday. Who was at the Library?,Alice,Alice.,0,1,0.0,1,1,0,1,97.19497200057958,294.67429396955083,2972.83984375,pre_replay,False,0.0,0.0,0,0,0,0,0.0,0.0,0,0,0,0,0.0,0.0,0,0,0,0,0,0,0,0,0,0,0,0,0,0,0,0
159,Carol met at the Mall on Monday. Where was Carol?,the Mall,Mall,0,1,0.6666666666666666,1,2,0,0,99.22679100054665,294.67429396955083,2972.83984375,pre_replay,False,0.0,0.0,0,0,0,0,0.0,0.0,0,0,0,0,0.0,0.0,0,0,0,0,0,0,0,0,0,0,0,0,0,0,0,0
160,Carol found at the Library on Tuesday. When was Carol at the Library?,Tuesday,Tuesday.,0,1,0.0,1,1,0,1,99.97140499763191,294.67429396955083,2972.83984375,pre_replay,False,0.0,0.0,0,0,0,0,0.0,0.0,0,0,0,0,0.0,0.0,0,0,0,0,0,0,0,0,0,0,0,0,0,0,0,0
161,Dave saw at the Mall on Wednesday. What did Dave do?,saw,See at the Mall.,0,0,0.0,4,1,1,1,174.63320199749433,294.67429396955083,2972.83984375,pre_replay,False,0.0,0.0,0,0,0,0,0.0,0.0,0,0,0,0,0.0,0.0,0,0,0,0,0,0,0,0,0,0,0,0,0,0,0,0
162,Alice saw at the Park on Thursday. When was Alice at the Park?,Thursday,Thursday,1,1,1.0,1,1,0,0,72.3377750000509,294.67429396955083,2972.83984375,pre_replay,False,0.0,0.0,0,0,0,0,0.0,0.0,0,0,0,0,0.0,0.0,0,0,0,0,0,0,0,0,0,0,0,0,0,0,0,0
163,Bob found at the Library on Thursday. What did Bob do?,found,Found at the Library on Thursday. Bob visited the library.,0,0,0.0,10,1,1,1,353.9703989990812,294.67429396955083,2972.83984375,pre_replay,False,0.0,0.0,0,0,0,0,0.0,0.0,0,0,0,0,0.0,0.0,0,0,0,0,0,0,0,0,0,0,0,0,0,0,0,0
164,Dave met at the Library on Wednesday. When was Dave at the Library?,Wednesday,Wednesday,1,1,1.0,1,1,0,0,73.00022900017211,294.67429396955083,2972.83984375,pre_replay,False,0.0,0.0,0,0,0,0,0.0,0.0,0,0,0,0,0.0,0.0,0,0,0,0,0,0,0,0,0,0,0,0,0,0,0,0
165,Alice saw at the Park on Wednesday. What did Alice do?,saw,Saw at the Park.,0,0,0.0,4,1,1,1,199.14964599956875,294.67429396955083,2972.83984375,pre_replay,False,0.0,0.0,0,0,0,0,0.0,0.0,0,0,0,0,0.0,0.0,0,0,0,0,0,0,0,0,0,0,0,0,0,0,0,0
166,Dave found at the Library on Wednesday. What did Dave do?,found,Found at the Library on Wednesday.,0,0,0.0,6,1,1,1,229.17717900054413,294.67429396955083,2972.83984375,pre_replay,False,0.0,0.0,0,0,0,0,0.0,0.0,0,0,0,0,0.0,0.0,0,0,0,0,0,0,0,0,0,0,0,0,0,0,0,0
167,Bob saw at the Park on Wednesday. Who was at the Park?,Bob,Bob was at the Park.,0,0,0.33333333333333337,5,1,1,1,196.42808199932915,294.67429396955083,2972.83984375,pre_replay,False,0.0,0.0,0,0,0,0,0.0,0.0,0,0,0,0,0.0,0.0,0,0,0,0,0,0,0,0,0,0,0,0,0,0,0,0
168,Bob met at the Mall on Tuesday. When was Bob at the Mall?,Tuesday,Tuesday.,0,1,0.0,1,1,0,1,97.47315300046466,294.67429396955083,2972.83984375,pre_replay,False,0.0,0.0,0,0,0,0,0.0,0.0,0,0,0,0,0.0,0.0,0,0,0,0,0,0,0,0,0,0,0,0,0,0,0,0
169,Carol saw at the Library on Tuesday. What did Carol do?,saw,see at the Library,0,0,0.0,4,1,1,0,145.52368500153534,294.67429396955083,2972.83984375,pre_replay,False,0.0,0.0,0,0,0,0,0.0,0.0,0,0,0,0,0.0,0.0,0,0,0,0,0,0,0,0,0,0,0,0,0,0,0,0
170,Alice saw at the Park on Tuesday. Who was at the Park?,Alice,Alice.,0,1,0.0,1,1,0,1,95.10611100267852,294.67429396955083,2972.83984375,pre_replay,False,0.0,0.0,0,0,0,0,0.0,0.0,0,0,0,0,0.0,0.0,0,0,0,0,0,0,0,0,0,0,0,0,0,0,0,0
171,Carol found at the Park on Thursday. Where was Carol?,the Park,Park,0,1,0.6666666666666666,1,2,0,0,71.9540939971921,294.67429396955083,2972.83984375,pre_replay,False,0.0,0.0,0,0,0,0,0.0,0.0,0,0,0,0,0.0,0.0,0,0,0,0,0,0,0,0,0,0,0,0,0,0,0,0
172,Carol saw at the Mall on Wednesday. Who was at the Mall?,Carol,Carol.,0,1,0.0,1,1,0,1,97.66846300044563,294.67429396955083,2972.83984375,pre_replay,False,0.0,0.0,0,0,0,0,0.0,0.0,0,0,0,0,0.0,0.0,0,0,0,0,0,0,0,0,0,0,0,0,0,0,0,0
173,Alice helped at the Library on Wednesday. When was Alice at the Library?,Wednesday,Wednesday.,0,1,0.0,1,1,0,1,99.13715200309525,294.67429396955083,2972.83984375,pre_replay,False,0.0,0.0,0,0,0,0,0.0,0.0,0,0,0,0,0.0,0.0,0,0,0,0,0,0,0,0,0,0,0,0,0,0,0,0
174,Dave helped at the Park on Tuesday. What did Dave do?,helped,Helped at the park.,0,0,0.0,4,1,1,1,196.41657199827023,294.67429396955083,2972.83984375,pre_replay,False,0.0,0.0,0,0,0,0,0.0,0.0,0,0,0,0,0.0,0.0,0,0,0,0,0,0,0,0,0,0,0,0,0,0,0,0
175,Carol helped at the Library on Tuesday. Who was at the Library?,Carol,Carol was at the Library.,0,0,0.33333333333333337,5,1,1,1,197.24658699851716,294.67429396955083,2972.83984375,pre_replay,False,0.0,0.0,0,0,0,0,0.0,0.0,0,0,0,0,0.0,0.0,0,0,0,0,0,0,0,0,0,0,0,0,0,0,0,0
176,Carol found at the Mall on Tuesday. Who was at the Mall?,Carol,Carol.,0,1,0.0,1,1,0,1,97.91638500246336,294.67429396955083,2972.83984375,pre_replay,False,0.0,0.0,0,0,0,0,0.0,0.0,0,0,0,0,0.0,0.0,0,0,0,0,0,0,0,0,0,0,0,0,0,0,0,0
177,Bob found at the Library on Tuesday. What did Bob do?,found,Found at the library on Tuesday.,0,0,0.0,6,1,1,1,223.36945899951388,294.67429396955083,2972.83984375,pre_replay,False,0.0,0.0,0,0,0,0,0.0,0.0,0,0,0,0,0.0,0.0,0,0,0,0,0,0,0,0,0,0,0,0,0,0,0,0
178,Carol met at the Cafe on Tuesday. Where was Carol?,the Cafe,Cafe,0,1,0.6666666666666666,1,2,0,0,97.18965099818888,294.67429396955083,2972.83984375,pre_replay,False,0.0,0.0,0,0,0,0,0.0,0.0,0,0,0,0,0.0,0.0,0,0,0,0,0,0,0,0,0,0,0,0,0,0,0,0
179,Dave found at the Mall on Tuesday. Who was at the Mall?,Dave,Dave,1,1,1.0,1,1,0,0,71.61992200053646,294.67429396955083,2972.83984375,pre_replay,False,0.0,0.0,0,0,0,0,0.0,0.0,0,0,0,0,0.0,0.0,0,0,0,0,0,0,0,0,0,0,0,0,0,0,0,0
180,Alice helped at the Cafe on Wednesday. Where was Alice?,the Cafe,Cafe,0,1,0.6666666666666666,1,2,0,0,99.88091499690199,294.67429396955083,2972.83984375,pre_replay,False,0.0,0.0,0,0,0,0,0.0,0.0,0,0,0,0,0.0,0.0,0,0,0,0,0,0,0,0,0,0,0,0,0,0,0,0
181,Bob saw at the Library on Tuesday. Where was Bob?,the Library,Library,0,1,0.6666666666666666,1,2,0,0,71.29571000041324,294.67429396955083,2972.83984375,pre_replay,False,0.0,0.0,0,0,0,0,0.0,0.0,0,0,0,0,0.0,0.0,0,0,0,0,0,0,0,0,0,0,0,0,0,0,0,0
182,Dave helped at the Park on Monday. Who was at the Park?,Dave,Dave was at the Park on Monday.,0,0,0.25,7,1,1,1,247.94627300070715,294.67429396955083,2972.83984375,pre_replay,False,0.0,0.0,0,0,0,0,0.0,0.0,0,0,0,0,0.0,0.0,0,0,0,0,0,0,0,0,0,0,0,0,0,0,0,0
183,Carol met at the Mall on Tuesday. Where was Carol?,the Mall,The Mall,0,1,0.5,2,2,0,0,96.80283999841777,294.67429396955083,2972.83984375,pre_replay,False,0.0,0.0,0,0,0,0,0.0,0.0,0,0,0,0,0.0,0.0,0,0,0,0,0,0,0,0,0,0,0,0,0,0,0,0
184,Carol found at the Library on Wednesday. Who was at the Library?,Carol,Carol.,0,1,0.0,1,1,0,1,96.03599500042037,294.67429396955083,2972.83984375,pre_replay,False,0.0,0.0,0,0,0,0,0.0,0.0,0,0,0,0,0.0,0.0,0,0,0,0,0,0,0,0,0,0,0,0,0,0,0,0
185,Carol met at the Park on Wednesday. Where was Carol?,the Park,Park.,0,1,0.0,1,2,0,1,98.64578899941989,294.67429396955083,2972.83984375,pre_replay,False,0.0,0.0,0,0,0,0,0.0,0.0,0,0,0,0,0.0,0.0,0,0,0,0,0,0,0,0,0,0,0,0,0,0,0,0
186,Dave met at the Park on Thursday. What did Dave do?,met,met at the Park on Thursday.,0,0,0.2857142857142857,6,1,1,1,221.33728799963137,294.67429396955083,2972.83984375,pre_replay,False,0.0,0.0,0,0,0,0,0.0,0.0,0,0,0,0,0.0,0.0,0,0,0,0,0,0,0,0,0,0,0,0,0,0,0,0
187,Dave saw at the Park on Thursday. When was Dave at the Park?,Thursday,Thursday,1,1,1.0,1,1,0,0,72.35339600083535,294.67429396955083,2972.83984375,pre_replay,False,0.0,0.0,0,0,0,0,0.0,0.0,0,0,0,0,0.0,0.0,0,0,0,0,0,0,0,0,0,0,0,0,0,0,0,0
188,Bob met at the Park on Tuesday. When was Bob at the Park?,Tuesday,Tuesday.,0,1,0.0,1,1,0,1,96.26204700180097,294.67429396955083,2972.83984375,pre_replay,False,0.0,0.0,0,0,0,0,0.0,0.0,0,0,0,0,0.0,0.0,0,0,0,0,0,0,0,0,0,0,0,0,0,0,0,0
189,Carol found at the Cafe on Monday. When was Carol at the Cafe?,Monday,Monday,1,1,1.0,1,1,0,0,72.48087599873543,294.67429396955083,2972.83984375,pre_replay,False,0.0,0.0,0,0,0,0,0.0,0.0,0,0,0,0,0.0,0.0,0,0,0,0,0,0,0,0,0,0,0,0,0,0,0,0
190,Dave found at the Mall on Monday. What did Dave do?,found,Found at the Mall on Monday.,0,0,0.0,6,1,1,1,222.80293600124423,294.67429396955083,2972.83984375,pre_replay,False,0.0,0.0,0,0,0,0,0.0,0.0,0,0,0,0,0.0,0.0,0,0,0,0,0,0,0,0,0,0,0,0,0,0,0,0
191,Dave found at the Park on Wednesday. Where was Dave?,the Park,Park,0,1,0.6666666666666666,1,2,0,0,70.24381599694607,294.67429396955083,2972.83984375,pre_replay,False,0.0,0.0,0,0,0,0,0.0,0.0,0,0,0,0,0.0,0.0,0,0,0,0,0,0,0,0,0,0,0,0,0,0,0,0
192,Bob met at the Library on Thursday. Who was at the Library?,Bob,Bob was at the Library.,0,0,0.33333333333333337,5,1,1,1,196.33283199800644,294.67429396955083,2972.83984375,pre_replay,False,0.0,0.0,0,0,0,0,0.0,0.0,0,0,0,0,0.0,0.0,0,0,0,0,0,0,0,0,0,0,0,0,0,0,0,0
193,Carol helped at the Library on Tuesday. Where was Carol?,the Library,Library,0,1,0.6666666666666666,1,2,0,0,72.2832150022441,294.67429396955083,2972.83984375,pre_replay,False,0.0,0.0,0,0,0,0,0.0,0.0,0,0,0,0,0.0,0.0,0,0,0,0,0,0,0,0,0,0,0,0,0,0,0,0
194,Carol helped at the Mall on Monday. Where was Carol?,the Mall,The Mall.,0,1,0.0,2,2,0,1,121.8881370004965,294.67429396955083,2972.83984375,pre_replay,False,0.0,0.0,0,0,0,0,0.0,0.0,0,0,0,0,0.0,0.0,0,0,0,0,0,0,0,0,0,0,0,0,0,0,0,0
195,Carol found at the Mall on Wednesday. What did Carol do?,found,find at the Mall,0,0,0.0,4,1,1,0,144.12101799825905,294.67429396955083,2972.83984375,pre_replay,False,0.0,0.0,0,0,0,0,0.0,0.0,0,0,0,0,0.0,0.0,0,0,0,0,0,0,0,0,0,0,0,0,0,0,0,0
196,Carol helped at the Park on Thursday. Where was Carol?,the Park,Park,0,1,0.6666666666666666,1,2,0,0,71.17909000226064,294.67429396955083,2972.83984375,pre_replay,False,0.0,0.0,0,0,0,0,0.0,0.0,0,0,0,0,0.0,0.0,0,0,0,0,0,0,0,0,0,0,0,0,0,0,0,0
197,Alice found at the Mall on Tuesday. What did Alice do?,found,Found at the Mall on Tuesday.,0,0,0.0,6,1,1,1,221.31017900028382,294.67429396955083,2972.83984375,pre_replay,False,0.0,0.0,0,0,0,0,0.0,0.0,0,0,0,0,0.0,0.0,0,0,0,0,0,0,0,0,0,0,0,0,0,0,0,0
198,Alice saw at the Library on Tuesday. When was Alice at the Library?,Tuesday,Tuesday.,0,1,0.0,1,1,0,1,95.79138399931253,294.67429396955083,2972.83984375,pre_replay,False,0.0,0.0,0,0,0,0,0.0,0.0,0,0,0,0,0.0,0.0,0,0,0,0,0,0,0,0,0,0,0,0,0,0,0,0
199,Alice saw at the Library on Monday. What did Alice do?,saw,saw at the Library on Monday.,0,0,0.2857142857142857,6,1,1,1,245.7855720022053,294.67429396955083,2972.83984375,pre_replay,False,0.0,0.0,0,0,0,0,0.0,0.0,0,0,0,0,0.0,0.0,0,0,0,0,0,0,0,0,0,0,0,0,0,0,0,0
