idx,prompt,answer,pred,em_raw,em_norm,f1,pred_len,gold_len,overlong,format_violation,latency_ms,success,steps_pred,steps_opt,suboptimality,time_ms_per_100,rss_mb,flags,gating_enabled,retrieval.episodic.avg_latency_ms,retrieval.episodic.batch_size,retrieval.episodic.hit_rate_at_k,retrieval.episodic.hits_at_k,retrieval.episodic.k,retrieval.episodic.requests,retrieval.episodic.tokens_returned,retrieval.episodic.total_k,retrieval.relational.avg_latency_ms,retrieval.relational.batch_size,retrieval.relational.hit_rate_at_k,retrieval.relational.hits_at_k,retrieval.relational.k,retrieval.relational.requests,retrieval.relational.tokens_returned,retrieval.relational.total_k,retrieval.spatial.avg_latency_ms,retrieval.spatial.batch_size,retrieval.spatial.hit_rate_at_k,retrieval.spatial.hits_at_k,retrieval.spatial.k,retrieval.spatial.requests,retrieval.spatial.tokens_returned,retrieval.spatial.total_k,gating.episodic.accepted,gating.episodic.aggregated,gating.episodic.attempts,gating.episodic.blocked,gating.episodic.blocked_new_edges,gating.episodic.inserted,gating.episodic.null_input,gating.episodic.routed_to_episodic,gating.episodic.skipped,gating.relational.accepted,gating.relational.aggregated,gating.relational.attempts,gating.relational.blocked,gating.relational.blocked_new_edges,gating.relational.inserted,gating.relational.null_input,gating.relational.routed_to_episodic,gating.relational.skipped,gating.spatial.accepted,gating.spatial.aggregated,gating.spatial.attempts,gating.spatial.blocked,gating.spatial.blocked_new_edges,gating.spatial.inserted,gating.spatial.null_input,gating.spatial.routed_to_episodic,gating.spatial.skipped
0,"Grid 6x6 with obstacles [(0, 4), (1, 5), (2, 2), (2, 5), (5, 4), (5, 5)]. Start (3, 4) goal (1, 4). Respond with moves using U, D, L, R only, no spaces.",LL,"R,U,R,U,L,U,L,U",0,0,0.0,1,1,0,0,264.960266998969,False,8,2,4.0,435.94617372265384,2948.67578125,pre_replay,False,0.0,0,0.0,0,0,0,0,0,0.0,0,0.0,0,0,0,0,0,0.0,0,0.0,0,0,0,0,0,0,0,0,0,0,0,0,0,0,0,0,0,0,0,0,0,0,0,0,0,0,0,0,0,0,0,0
1,"Grid 6x6 with obstacles [(0, 4), (1, 5), (2, 2), (2, 5), (5, 4), (5, 5)]. Start (4, 4) goal (4, 0). Respond with moves using U, D, L, R only, no spaces.",UUUU,"R,R,U,U,L,L,D,D,U,U,R,R",0,0,0.0,1,1,0,0,360.4209830009495,False,12,4,3.0,435.94617372265384,2948.67578125,pre_replay,False,0.0,0,0.0,0,0,0,0,0,0.0,0,0.0,0,0,0,0,0,0.0,0,0.0,0,0,0,0,0,0,0,0,0,0,0,0,0,0,0,0,0,0,0,0,0,0,0,0,0,0,0,0,0,0,0,0
2,"Grid 6x6 with obstacles [(0, 4), (1, 5), (2, 2), (2, 5), (5, 4), (5, 5)]. Start (4, 5) goal (5, 2). Respond with moves using U, D, L, R only, no spaces.",UURU,"R,R,L,U,U,L,L,D,D,R,R",0,0,0.0,1,1,0,0,343.65291399990383,False,11,4,2.75,435.94617372265384,2948.67578125,pre_replay,False,0.0,0,0.0,0,0,0,0,0,0.0,0,0.0,0,0,0,0,0,0.0,0,0.0,0,0,0,0,0,0,0,0,0,0,0,0,0,0,0,0,0,0,0,0,0,0,0,0,0,0,0,0,0,0,0,0
3,"Grid 6x6 with obstacles [(0, 4), (1, 5), (2, 2), (2, 5), (5, 4), (5, 5)]. Start (4, 4) goal (4, 0). Respond with moves using U, D, L, R only, no spaces.",UUUU,RURDRURUDDLUDDRDLRDRLRUDDL,0,0,0.0,1,1,0,0,415.6862130002992,False,26,4,6.5,435.94617372265384,2948.67578125,pre_replay,False,0.0,0,0.0,0,0,0,0,0,0.0,0,0.0,0,0,0,0,0,0.0,0,0.0,0,0,0,0,0,0,0,0,0,0,0,0,0,0,0,0,0,0,0,0,0,0,0,0,0,0,0,0,0,0,0,0
4,"Grid 6x6 with obstacles [(0, 4), (1, 5), (2, 2), (2, 5), (5, 4), (5, 5)]. Start (4, 1) goal (4, 4). Respond with moves using U, D, L, R only, no spaces.",DDD,"R,U,R,U,R,U,L,U,U,L,R,U,U,R,U",0,0,0.0,1,1,0,0,440.05439399916213,False,15,3,5.0,435.94617372265384,2948.67578125,pre_replay,False,0.0,0,0.0,0,0,0,0,0,0.0,0,0.0,0,0,0,0,0,0.0,0,0.0,0,0,0,0,0,0,0,0,0,0,0,0,0,0,0,0,0,0,0,0,0,0,0,0,0,0,0,0,0,0,0,0
5,"Grid 6x6 with obstacles [(0, 4), (1, 5), (2, 2), (2, 5), (5, 4), (5, 5)]. Start (2, 0) goal (4, 2). Respond with moves using U, D, L, R only, no spaces.",RRDD,"R,U,R,U,U,R,U,L,U,R,U,R,U",0,0,0.0,1,1,0,0,393.2818840003165,False,13,4,3.25,435.94617372265384,2948.67578125,pre_replay,False,0.0,0,0.0,0,0,0,0,0,0.0,0,0.0,0,0,0,0,0,0.0,0,0.0,0,0,0,0,0,0,0,0,0,0,0,0,0,0,0,0,0,0,0,0,0,0,0,0,0,0,0,0,0,0,0,0
6,"Grid 6x6 with obstacles [(0, 4), (1, 5), (2, 2), (2, 5), (5, 4), (5, 5)]. Start (3, 0) goal (4, 3). Respond with moves using U, D, L, R only, no spaces.",RDDD,"R,U,R,U,R,U,L,U,L,D,U,L,R,U,R,U,R",0,0,0.0,1,1,0,0,488.99570300091,False,17,4,4.25,435.94617372265384,2948.67578125,pre_replay,False,0.0,0,0.0,0,0,0,0,0,0.0,0,0.0,0,0,0,0,0,0.0,0,0.0,0,0,0,0,0,0,0,0,0,0,0,0,0,0,0,0,0,0,0,0,0,0,0,0,0,0,0,0,0,0,0,0
7,"Grid 6x6 with obstacles [(0, 4), (1, 5), (2, 2), (2, 5), (5, 4), (5, 5)]. Start (2, 0) goal (4, 2). Respond with moves using U, D, L, R only, no spaces.",RRDD,"R,U,R,U,U,R,U,L,U,U,R,R,U,U,R,U,R",0,0,0.0,1,1,0,0,487.39761100114265,False,17,4,4.25,435.94617372265384,2948.67578125,pre_replay,False,0.0,0,0.0,0,0,0,0,0,0.0,0,0.0,0,0,0,0,0,0.0,0,0.0,0,0,0,0,0,0,0,0,0,0,0,0,0,0,0,0,0,0,0,0,0,0,0,0,0,0,0,0,0,0,0,0
8,"Grid 6x6 with obstacles [(0, 4), (1, 5), (2, 2), (2, 5), (5, 4), (5, 5)]. Start (4, 4) goal (5, 2). Respond with moves using U, D, L, R only, no spaces.",URU,"R,R,L,U,U,R,R,L,U,U,R,R",0,0,0.0,1,1,0,0,364.62971299988567,False,12,3,4.0,435.94617372265384,2948.67578125,pre_replay,False,0.0,0,0.0,0,0,0,0,0,0.0,0,0.0,0,0,0,0,0,0.0,0,0.0,0,0,0,0,0,0,0,0,0,0,0,0,0,0,0,0,0,0,0,0,0,0,0,0,0,0,0,0,0,0,0,0
9,"Grid 6x6 with obstacles [(0, 4), (1, 5), (2, 2), (2, 5), (5, 4), (5, 5)]. Start (1, 1) goal (0, 2). Respond with moves using U, D, L, R only, no spaces.",LD,"R,U,R,U,L,U,R,U,D,L,R,U,R",0,0,0.0,1,1,0,0,392.63585099979537,False,13,2,6.5,435.94617372265384,2948.67578125,pre_replay,False,0.0,0,0.0,0,0,0,0,0,0.0,0,0.0,0,0,0,0,0,0.0,0,0.0,0,0,0,0,0,0,0,0,0,0,0,0,0,0,0,0,0,0,0,0,0,0,0,0,0,0,0,0,0,0,0,0
10,"Grid 6x6 with obstacles [(0, 4), (1, 5), (2, 2), (2, 5), (5, 4), (5, 5)]. Start (1, 2) goal (0, 1). Respond with moves using U, D, L, R only, no spaces.",LU,"L,U,L,U,R,U,U,L,R,D,R,U,U,R,U,L,U",0,0,0.0,1,1,0,0,492.092047999904,False,17,2,8.5,435.94617372265384,2948.67578125,pre_replay,False,0.0,0,0.0,0,0,0,0,0,0.0,0,0.0,0,0,0,0,0,0.0,0,0.0,0,0,0,0,0,0,0,0,0,0,0,0,0,0,0,0,0,0,0,0,0,0,0,0,0,0,0,0,0,0,0,0
11,"Grid 6x6 with obstacles [(0, 4), (1, 5), (2, 2), (2, 5), (5, 4), (5, 5)]. Start (1, 1) goal (0, 2). Respond with moves using U, D, L, R only, no spaces.",LD,"R,U,R,U,R,U,L,U,U,R,U",0,0,0.0,1,1,0,0,339.4853680001688,False,11,2,5.5,435.94617372265384,2948.67578125,pre_replay,False,0.0,0,0.0,0,0,0,0,0,0.0,0,0.0,0,0,0,0,0,0.0,0,0.0,0,0,0,0,0,0,0,0,0,0,0,0,0,0,0,0,0,0,0,0,0,0,0,0,0,0,0,0,0,0,0,0
12,"Grid 6x6 with obstacles [(0, 4), (1, 5), (2, 2), (2, 5), (5, 4), (5, 5)]. Start (1, 3) goal (2, 4). Respond with moves using U, D, L, R only, no spaces.",RD,"R,U,R,U,R,U,L,U,U,R,U,U",0,0,0.0,1,1,0,0,363.7744359984936,False,12,2,6.0,435.94617372265384,2948.67578125,pre_replay,False,0.0,0,0.0,0,0,0,0,0,0.0,0,0.0,0,0,0,0,0,0.0,0,0.0,0,0,0,0,0,0,0,0,0,0,0,0,0,0,0,0,0,0,0,0,0,0,0,0,0,0,0,0,0,0,0,0
13,"Grid 6x6 with obstacles [(0, 4), (1, 5), (2, 2), (2, 5), (5, 4), (5, 5)]. Start (2, 0) goal (4, 2). Respond with moves using U, D, L, R only, no spaces.",RRDD,"R,U,R,U,R,U,L,U,L,U",0,0,0.0,1,1,0,0,320.09998400098993,False,10,4,2.5,435.94617372265384,2948.67578125,pre_replay,False,0.0,0,0.0,0,0,0,0,0,0.0,0,0.0,0,0,0,0,0,0.0,0,0.0,0,0,0,0,0,0,0,0,0,0,0,0,0,0,0,0,0,0,0,0,0,0,0,0,0,0,0,0,0,0,0,0
14,"Grid 6x6 with obstacles [(0, 4), (1, 5), (2, 2), (2, 5), (5, 4), (5, 5)]. Start (1, 0) goal (5, 3). Respond with moves using U, D, L, R only, no spaces.",RRRRDDD,L U D L U R D U R D U,0,0,0.0,11,1,1,0,342.12208800090593,False,11,7,1.5714285714285714,435.94617372265384,2948.67578125,pre_replay,False,0.0,0,0.0,0,0,0,0,0,0.0,0,0.0,0,0,0,0,0,0.0,0,0.0,0,0,0,0,0,0,0,0,0,0,0,0,0,0,0,0,0,0,0,0,0,0,0,0,0,0,0,0,0,0,0,0
15,"Grid 6x6 with obstacles [(0, 4), (1, 5), (2, 2), (2, 5), (5, 4), (5, 5)]. Start (1, 1) goal (0, 2). Respond with moves using U, D, L, R only, no spaces.",LD,R-UR-R-UR-R-UR-L-DR-L-L-DR-L-DR,0,0,0.0,1,1,0,0,563.0660970000463,False,19,2,9.5,435.94617372265384,2948.67578125,pre_replay,False,0.0,0,0.0,0,0,0,0,0,0.0,0,0.0,0,0,0,0,0,0.0,0,0.0,0,0,0,0,0,0,0,0,0,0,0,0,0,0,0,0,0,0,0,0,0,0,0,0,0,0,0,0,0,0,0,0
16,"Grid 6x6 with obstacles [(0, 4), (1, 5), (2, 2), (2, 5), (5, 4), (5, 5)]. Start (3, 0) goal (1, 2). Respond with moves using U, D, L, R only, no spaces.",LLDD,"R,U,R,U,R,U,L,U,L,R,U",0,0,0.0,1,1,0,0,341.03926900024817,False,11,4,2.75,435.94617372265384,2948.67578125,pre_replay,False,0.0,0,0.0,0,0,0,0,0,0.0,0,0.0,0,0,0,0,0,0.0,0,0.0,0,0,0,0,0,0,0,0,0,0,0,0,0,0,0,0,0,0,0,0,0,0,0,0,0,0,0,0,0,0,0,0
17,"Grid 6x6 with obstacles [(0, 4), (1, 5), (2, 2), (2, 5), (5, 4), (5, 5)]. Start (2, 0) goal (4, 2). Respond with moves using U, D, L, R only, no spaces.",RRDD,"R,U,R,U,R,U,L,U,U,R,U",0,0,0.0,1,1,0,0,338.7776740000845,False,11,4,2.75,435.94617372265384,2948.67578125,pre_replay,False,0.0,0,0.0,0,0,0,0,0,0.0,0,0.0,0,0,0,0,0,0.0,0,0.0,0,0,0,0,0,0,0,0,0,0,0,0,0,0,0,0,0,0,0,0,0,0,0,0,0,0,0,0,0,0,0,0
18,"Grid 6x6 with obstacles [(0, 4), (1, 5), (2, 2), (2, 5), (5, 4), (5, 5)]. Start (5, 1) goal (1, 1). Respond with moves using U, D, L, R only, no spaces.",LLLL,"R,U,R,U,R,U,L,U,L,D",0,0,0.0,1,1,0,0,312.93118199937453,False,10,4,2.5,435.94617372265384,2948.67578125,pre_replay,False,0.0,0,0.0,0,0,0,0,0,0.0,0,0.0,0,0,0,0,0,0.0,0,0.0,0,0,0,0,0,0,0,0,0,0,0,0,0,0,0,0,0,0,0,0,0,0,0,0,0,0,0,0,0,0,0,0
19,"Grid 6x6 with obstacles [(0, 4), (1, 5), (2, 2), (2, 5), (5, 4), (5, 5)]. Start (1, 1) goal (0, 2). Respond with moves using U, D, L, R only, no spaces.",LD,"R,U,R,U,R,U,L,U,U,L,R,U,U,L,U,U",0,0,0.0,1,1,0,0,466.3363849995221,False,16,2,8.0,435.94617372265384,2948.67578125,pre_replay,False,0.0,0,0.0,0,0,0,0,0,0.0,0,0.0,0,0,0,0,0,0.0,0,0.0,0,0,0,0,0,0,0,0,0,0,0,0,0,0,0,0,0,0,0,0,0,0,0,0,0,0,0,0,0,0,0,0
20,"Grid 6x6 with obstacles [(0, 4), (1, 5), (2, 2), (2, 5), (5, 4), (5, 5)]. Start (2, 3) goal (4, 1). Respond with moves using U, D, L, R only, no spaces.",RRUU,"R,U,R,U,R,U,L,U,L,D",0,0,0.0,1,1,0,0,318.90168900099525,False,10,4,2.5,435.94617372265384,2948.67578125,pre_replay,False,0.0,0,0.0,0,0,0,0,0,0.0,0,0.0,0,0,0,0,0,0.0,0,0.0,0,0,0,0,0,0,0,0,0,0,0,0,0,0,0,0,0,0,0,0,0,0,0,0,0,0,0,0,0,0,0,0
21,"Grid 6x6 with obstacles [(0, 4), (1, 5), (2, 2), (2, 5), (5, 4), (5, 5)]. Start (2, 0) goal (4, 2). Respond with moves using U, D, L, R only, no spaces.",RRDD,"L,U,R,U,L,U,R,U",0,0,0.0,1,1,0,0,266.05520300108765,False,8,4,2.0,435.94617372265384,2948.67578125,pre_replay,False,0.0,0,0.0,0,0,0,0,0,0.0,0,0.0,0,0,0,0,0,0.0,0,0.0,0,0,0,0,0,0,0,0,0,0,0,0,0,0,0,0,0,0,0,0,0,0,0,0,0,0,0,0,0,0,0,0
22,"Grid 6x6 with obstacles [(0, 4), (1, 5), (2, 2), (2, 5), (5, 4), (5, 5)]. Start (3, 1) goal (5, 3). Respond with moves using U, D, L, R only, no spaces.",RRDD,"R,U,R,U,R,U,R,U,L,U,L,U",0,0,0.0,1,1,0,0,360.4385430007824,False,12,4,3.0,435.94617372265384,2948.67578125,pre_replay,False,0.0,0,0.0,0,0,0,0,0,0.0,0,0.0,0,0,0,0,0,0.0,0,0.0,0,0,0,0,0,0,0,0,0,0,0,0,0,0,0,0,0,0,0,0,0,0,0,0,0,0,0,0,0,0,0,0
23,"Grid 6x6 with obstacles [(0, 4), (1, 5), (2, 2), (2, 5), (5, 4), (5, 5)]. Start (2, 0) goal (4, 2). Respond with moves using U, D, L, R only, no spaces.",RRDD,"R,U,R,U,L,U,R,U,L,D",0,0,0.0,1,1,0,0,317.7275099988037,False,10,4,2.5,435.94617372265384,2948.67578125,pre_replay,False,0.0,0,0.0,0,0,0,0,0,0.0,0,0.0,0,0,0,0,0,0.0,0,0.0,0,0,0,0,0,0,0,0,0,0,0,0,0,0,0,0,0,0,0,0,0,0,0,0,0,0,0,0,0,0,0,0
24,"Grid 6x6 with obstacles [(0, 4), (1, 5), (2, 2), (2, 5), (5, 4), (5, 5)]. Start (5, 3) goal (2, 4). Respond with moves using U, D, L, R only, no spaces.",LLLD,"R,R,L,U,U,R,R,D,U,L,U,R,R,D",0,0,0.0,1,1,0,0,419.41083800156775,False,14,4,3.5,435.94617372265384,2948.67578125,pre_replay,False,0.0,0,0.0,0,0,0,0,0,0.0,0,0.0,0,0,0,0,0,0.0,0,0.0,0,0,0,0,0,0,0,0,0,0,0,0,0,0,0,0,0,0,0,0,0,0,0,0,0,0,0,0,0,0,0,0
25,"Grid 6x6 with obstacles [(0, 4), (1, 5), (2, 2), (2, 5), (5, 4), (5, 5)]. Start (1, 1) goal (0, 2). Respond with moves using U, D, L, R only, no spaces.",LD,"R,U,R,U,L,R,U,R,U,L,R",0,0,0.0,1,1,0,0,345.5122110008233,False,11,2,5.5,435.94617372265384,2948.67578125,pre_replay,False,0.0,0,0.0,0,0,0,0,0,0.0,0,0.0,0,0,0,0,0,0.0,0,0.0,0,0,0,0,0,0,0,0,0,0,0,0,0,0,0,0,0,0,0,0,0,0,0,0,0,0,0,0,0,0,0,0
26,"Grid 6x6 with obstacles [(0, 4), (1, 5), (2, 2), (2, 5), (5, 4), (5, 5)]. Start (3, 2) goal (1, 2). Respond with moves using U, D, L, R only, no spaces.",ULLD,"R,U,R,U,R,U,L,U,L,R,U",0,0,0.0,1,1,0,0,339.83494699896255,False,11,4,2.75,435.94617372265384,2948.67578125,pre_replay,False,0.0,0,0.0,0,0,0,0,0,0.0,0,0.0,0,0,0,0,0,0.0,0,0.0,0,0,0,0,0,0,0,0,0,0,0,0,0,0,0,0,0,0,0,0,0,0,0,0,0,0,0,0,0,0,0,0
27,"Grid 6x6 with obstacles [(0, 4), (1, 5), (2, 2), (2, 5), (5, 4), (5, 5)]. Start (1, 1) goal (0, 2). Respond with moves using U, D, L, R only, no spaces.",LD,R-2-U-2-R-2-U-2-L-3-D,0,0,0.0,1,1,0,0,466.5846580010111,False,6,2,3.0,435.94617372265384,2948.67578125,pre_replay,False,0.0,0,0.0,0,0,0,0,0,0.0,0,0.0,0,0,0,0,0,0.0,0,0.0,0,0,0,0,0,0,0,0,0,0,0,0,0,0,0,0,0,0,0,0,0,0,0,0,0,0,0,0,0,0,0,0
28,"Grid 6x6 with obstacles [(0, 4), (1, 5), (2, 2), (2, 5), (5, 4), (5, 5)]. Start (4, 3) goal (5, 3). Respond with moves using U, D, L, R only, no spaces.",R,"R,R,U,U,L,L,D,D",0,0,0.0,1,1,0,0,266.052810000474,False,8,1,8.0,435.94617372265384,2948.67578125,pre_replay,False,0.0,0,0.0,0,0,0,0,0,0.0,0,0.0,0,0,0,0,0,0.0,0,0.0,0,0,0,0,0,0,0,0,0,0,0,0,0,0,0,0,0,0,0,0,0,0,0,0,0,0,0,0,0,0,0,0
29,"Grid 6x6 with obstacles [(0, 4), (1, 5), (2, 2), (2, 5), (5, 4), (5, 5)]. Start (4, 4) goal (4, 0). Respond with moves using U, D, L, R only, no spaces.",UUUU,"R,R,L,U,U,R,R,U,U,L,L,U,U,R,R,L,U,U,R,R,L",0,0,0.0,1,1,0,0,592.3000189995946,False,21,4,5.25,435.94617372265384,2948.67578125,pre_replay,False,0.0,0,0.0,0,0,0,0,0,0.0,0,0.0,0,0,0,0,0,0.0,0,0.0,0,0,0,0,0,0,0,0,0,0,0,0,0,0,0,0,0,0,0,0,0,0,0,0,0,0,0,0,0,0,0,0
30,"Grid 6x6 with obstacles [(0, 4), (1, 5), (2, 2), (2, 5), (5, 4), (5, 5)]. Start (4, 2) goal (5, 1). Respond with moves using U, D, L, R only, no spaces.",RU,"R,U,R,U,L,U,R,U,L,D,L,R,U,L",0,0,0.0,1,1,0,0,415.7022399995185,False,14,2,7.0,435.94617372265384,2948.67578125,pre_replay,False,0.0,0,0.0,0,0,0,0,0,0.0,0,0.0,0,0,0,0,0,0.0,0,0.0,0,0,0,0,0,0,0,0,0,0,0,0,0,0,0,0,0,0,0,0,0,0,0,0,0,0,0,0,0,0,0,0
31,"Grid 6x6 with obstacles [(0, 4), (1, 5), (2, 2), (2, 5), (5, 4), (5, 5)]. Start (1, 1) goal (0, 2). Respond with moves using U, D, L, R only, no spaces.",LD,"R,U,R,U,L,U,L,D",0,0,0.0,1,1,0,0,261.54139200116333,False,8,2,4.0,435.94617372265384,2948.67578125,pre_replay,False,0.0,0,0.0,0,0,0,0,0,0.0,0,0.0,0,0,0,0,0,0.0,0,0.0,0,0,0,0,0,0,0,0,0,0,0,0,0,0,0,0,0,0,0,0,0,0,0,0,0,0,0,0,0,0,0,0
32,"Grid 6x6 with obstacles [(0, 4), (1, 5), (2, 2), (2, 5), (5, 4), (5, 5)]. Start (5, 0) goal (3, 5). Respond with moves using U, D, L, R only, no spaces.",LLDDDDD,R U R U R U R U R U D D R U D,0,0,0.0,15,1,1,0,437.85754700002144,False,15,7,2.142857142857143,435.94617372265384,2948.67578125,pre_replay,False,0.0,0,0.0,0,0,0,0,0,0.0,0,0.0,0,0,0,0,0,0.0,0,0.0,0,0,0,0,0,0,0,0,0,0,0,0,0,0,0,0,0,0,0,0,0,0,0,0,0,0,0,0,0,0,0,0
33,"Grid 6x6 with obstacles [(0, 4), (1, 5), (2, 2), (2, 5), (5, 4), (5, 5)]. Start (4, 4) goal (4, 0). Respond with moves using U, D, L, R only, no spaces.",UUUU,"R,R,L,U,U,R,R,U,U,L,L,D,D,L,L",0,0,0.0,1,1,0,0,439.5533629995043,False,15,4,3.75,435.94617372265384,2948.67578125,pre_replay,False,0.0,0,0.0,0,0,0,0,0,0.0,0,0.0,0,0,0,0,0,0.0,0,0.0,0,0,0,0,0,0,0,0,0,0,0,0,0,0,0,0,0,0,0,0,0,0,0,0,0,0,0,0,0,0,0,0
34,"Grid 6x6 with obstacles [(0, 4), (1, 5), (2, 2), (2, 5), (5, 4), (5, 5)]. Start (2, 0) goal (2, 3). Respond with moves using U, D, L, R only, no spaces.",LDDDR,"R,U,R,U,U,U,L,U",0,0,0.0,1,1,0,0,263.1695679992845,False,8,5,1.6,435.94617372265384,2948.67578125,pre_replay,False,0.0,0,0.0,0,0,0,0,0,0.0,0,0.0,0,0,0,0,0,0.0,0,0.0,0,0,0,0,0,0,0,0,0,0,0,0,0,0,0,0,0,0,0,0,0,0,0,0,0,0,0,0,0,0,0,0
35,"Grid 6x6 with obstacles [(0, 4), (1, 5), (2, 2), (2, 5), (5, 4), (5, 5)]. Start (2, 0) goal (4, 2). Respond with moves using U, D, L, R only, no spaces.",RRDD,"R,U,R,U,R,U,L,U,L,R,U",0,0,0.0,1,1,0,0,342.96486799939885,False,11,4,2.75,435.94617372265384,2948.67578125,pre_replay,False,0.0,0,0.0,0,0,0,0,0,0.0,0,0.0,0,0,0,0,0,0.0,0,0.0,0,0,0,0,0,0,0,0,0,0,0,0,0,0,0,0,0,0,0,0,0,0,0,0,0,0,0,0,0,0,0,0
36,"Grid 6x6 with obstacles [(0, 4), (1, 5), (2, 2), (2, 5), (5, 4), (5, 5)]. Start (4, 3) goal (1, 0). Respond with moves using U, D, L, R only, no spaces.",LLLUUU,"R,U,R,U,R,U,L,U,U,L,D,L,U,U,L",0,0,0.0,1,1,0,0,440.84940100037784,False,15,6,2.5,435.94617372265384,2948.67578125,pre_replay,False,0.0,0,0.0,0,0,0,0,0,0.0,0,0.0,0,0,0,0,0,0.0,0,0.0,0,0,0,0,0,0,0,0,0,0,0,0,0,0,0,0,0,0,0,0,0,0,0,0,0,0,0,0,0,0,0,0
37,"Grid 6x6 with obstacles [(0, 4), (1, 5), (2, 2), (2, 5), (5, 4), (5, 5)]. Start (2, 0) goal (4, 2). Respond with moves using U, D, L, R only, no spaces.",RRDD,"R,U,R,U,R,U,L,U,L,U",0,0,0.0,1,1,0,0,319.5300709994626,False,10,4,2.5,435.94617372265384,2948.67578125,pre_replay,False,0.0,0,0.0,0,0,0,0,0,0.0,0,0.0,0,0,0,0,0,0.0,0,0.0,0,0,0,0,0,0,0,0,0,0,0,0,0,0,0,0,0,0,0,0,0,0,0,0,0,0,0,0,0,0,0,0
38,"Grid 6x6 with obstacles [(0, 4), (1, 5), (2, 2), (2, 5), (5, 4), (5, 5)]. Start (3, 0) goal (5, 1). Respond with moves using U, D, L, R only, no spaces.",RRD,"R,U,R,U,R,U,R,U,L,U,L,U",0,0,0.0,1,1,0,0,365.1175269988016,False,12,3,4.0,435.94617372265384,2948.67578125,pre_replay,False,0.0,0,0.0,0,0,0,0,0,0.0,0,0.0,0,0,0,0,0,0.0,0,0.0,0,0,0,0,0,0,0,0,0,0,0,0,0,0,0,0,0,0,0,0,0,0,0,0,0,0,0,0,0,0,0,0
39,"Grid 6x6 with obstacles [(0, 4), (1, 5), (2, 2), (2, 5), (5, 4), (5, 5)]. Start (1, 1) goal (0, 2). Respond with moves using U, D, L, R only, no spaces.",LD,"L,U,R,U,L,U,R,U,L",0,0,0.0,1,1,0,0,290.81573199982813,False,9,2,4.5,435.94617372265384,2948.67578125,pre_replay,False,0.0,0,0.0,0,0,0,0,0,0.0,0,0.0,0,0,0,0,0,0.0,0,0.0,0,0,0,0,0,0,0,0,0,0,0,0,0,0,0,0,0,0,0,0,0,0,0,0,0,0,0,0,0,0,0,0
40,"Grid 6x6 with obstacles [(0, 4), (1, 5), (2, 2), (2, 5), (5, 4), (5, 5)]. Start (0, 3) goal (5, 1). Respond with moves using U, D, L, R only, no spaces.",RRRRRUU,"L,U,L,U,R,U,R,U,L,D,D,L,U,R,U,U",0,0,0.0,1,1,0,0,466.7416210013471,False,16,7,2.2857142857142856,435.94617372265384,2948.67578125,pre_replay,False,0.0,0,0.0,0,0,0,0,0,0.0,0,0.0,0,0,0,0,0,0.0,0,0.0,0,0,0,0,0,0,0,0,0,0,0,0,0,0,0,0,0,0,0,0,0,0,0,0,0,0,0,0,0,0,0,0
41,"Grid 6x6 with obstacles [(0, 4), (1, 5), (2, 2), (2, 5), (5, 4), (5, 5)]. Start (1, 1) goal (0, 2). Respond with moves using U, D, L, R only, no spaces.",LD,"L,U,L,U,R,U,R,U,L,D,L,U,L,R,U,L,U,R,D",0,0,0.0,1,1,0,0,540.815988999384,False,19,2,9.5,435.94617372265384,2948.67578125,pre_replay,False,0.0,0,0.0,0,0,0,0,0,0.0,0,0.0,0,0,0,0,0,0.0,0,0.0,0,0,0,0,0,0,0,0,0,0,0,0,0,0,0,0,0,0,0,0,0,0,0,0,0,0,0,0,0,0,0,0
42,"Grid 6x6 with obstacles [(0, 4), (1, 5), (2, 2), (2, 5), (5, 4), (5, 5)]. Start (4, 2) goal (2, 4). Respond with moves using U, D, L, R only, no spaces.",LDLD,"R,U,R,U,R,U,L,U,L,D,L,R,R,U,L,U,L,R,U,L",0,0,0.0,1,1,0,0,569.1333329996269,False,20,4,5.0,435.94617372265384,2948.67578125,pre_replay,False,0.0,0,0.0,0,0,0,0,0,0.0,0,0.0,0,0,0,0,0,0.0,0,0.0,0,0,0,0,0,0,0,0,0,0,0,0,0,0,0,0,0,0,0,0,0,0,0,0,0,0,0,0,0,0,0,0
43,"Grid 6x6 with obstacles [(0, 4), (1, 5), (2, 2), (2, 5), (5, 4), (5, 5)]. Start (4, 4) goal (4, 0). Respond with moves using U, D, L, R only, no spaces.",UUUU,R-UL-R-UR-R-DDR-L-DR-RL-LL-RR-R-ddr,0,0,0.0,1,1,0,0,585.493126000074,False,23,4,5.75,435.94617372265384,2948.67578125,pre_replay,False,0.0,0,0.0,0,0,0,0,0,0.0,0,0.0,0,0,0,0,0,0.0,0,0.0,0,0,0,0,0,0,0,0,0,0,0,0,0,0,0,0,0,0,0,0,0,0,0,0,0,0,0,0,0,0,0,0
44,"Grid 6x6 with obstacles [(0, 4), (1, 5), (2, 2), (2, 5), (5, 4), (5, 5)]. Start (4, 5) goal (5, 0). Respond with moves using U, D, L, R only, no spaces.",UURUUU,R U R U R U R U L D L R U R U L,0,0,0.0,16,1,1,0,467.74419599933026,False,16,6,2.6666666666666665,435.94617372265384,2948.67578125,pre_replay,False,0.0,0,0.0,0,0,0,0,0,0.0,0,0.0,0,0,0,0,0,0.0,0,0.0,0,0,0,0,0,0,0,0,0,0,0,0,0,0,0,0,0,0,0,0,0,0,0,0,0,0,0,0,0,0,0,0
45,"Grid 6x6 with obstacles [(0, 4), (1, 5), (2, 2), (2, 5), (5, 4), (5, 5)]. Start (2, 0) goal (4, 2). Respond with moves using U, D, L, R only, no spaces.",RRDD,"L,U,R,U,L,U,R,U,L",0,0,0.0,1,1,0,0,292.0389239989163,False,9,4,2.25,435.94617372265384,2948.67578125,pre_replay,False,0.0,0,0.0,0,0,0,0,0,0.0,0,0.0,0,0,0,0,0,0.0,0,0.0,0,0,0,0,0,0,0,0,0,0,0,0,0,0,0,0,0,0,0,0,0,0,0,0,0,0,0,0,0,0,0,0
46,"Grid 6x6 with obstacles [(0, 4), (1, 5), (2, 2), (2, 5), (5, 4), (5, 5)]. Start (4, 3) goal (2, 0). Respond with moves using U, D, L, R only, no spaces.",LUULU,RURDRDLULRDRLRUDDRCRUCURCDLRCRUCRUCUDDRCRUCURCDLRCRUCRUCUDDRCRUCURCDLRCRUCRUCUDDRCRUCURCDLRCRUCRUCUDDRCRUCURCDLRCRUCRUCUDDRCRUCURCDLRCRUCRUCUDDRCRUCURCDLRCRUCRUCUDDRCRUCURCDLRCRUCRUCUDDRCRUCURCDLRCRUCRUCUDDRCRUCURCDLRCRUCRUCUDDRCRUCURCDLRCRUCRUCUDDRCRUCURCDLRCRUCRUCUDDRCRUCURCDLRCRUCRUCUDDRCRUCURCDLRCRUCRUCUDDRCRUCURCDLRCRUCRUCUDDRCRUCURCDLRCRUCRUCUDDRCRUCURCDLRCRUCRUCUDDRCRUCURCDLRCRUCRUCUDDRCRUCURCDLRCRUCRUCUDD,0,0,0.0,1,1,0,0,6532.6516709992575,False,302,5,60.4,435.94617372265384,2948.67578125,pre_replay,False,0.0,0,0.0,0,0,0,0,0,0.0,0,0.0,0,0,0,0,0,0.0,0,0.0,0,0,0,0,0,0,0,0,0,0,0,0,0,0,0,0,0,0,0,0,0,0,0,0,0,0,0,0,0,0,0,0
47,"Grid 6x6 with obstacles [(0, 4), (1, 5), (2, 2), (2, 5), (5, 4), (5, 5)]. Start (4, 4) goal (4, 0). Respond with moves using U, D, L, R only, no spaces.",UUUU,"R,U,R,U,R,U,L,U,U,L,U,R,U,U,R,U,L,R",0,0,0.0,1,1,0,0,520.4519250000885,False,18,4,4.5,435.94617372265384,2948.67578125,pre_replay,False,0.0,0,0.0,0,0,0,0,0,0.0,0,0.0,0,0,0,0,0,0.0,0,0.0,0,0,0,0,0,0,0,0,0,0,0,0,0,0,0,0,0,0,0,0,0,0,0,0,0,0,0,0,0,0,0,0
48,"Grid 6x6 with obstacles [(0, 4), (1, 5), (2, 2), (2, 5), (5, 4), (5, 5)]. Start (3, 3) goal (5, 3). Respond with moves using U, D, L, R only, no spaces.",RR,"R,U,R,U,R,U,L,U,L,U",0,0,0.0,1,1,0,0,315.43771600081527,False,10,2,5.0,435.94617372265384,2948.67578125,pre_replay,False,0.0,0,0.0,0,0,0,0,0,0.0,0,0.0,0,0,0,0,0,0.0,0,0.0,0,0,0,0,0,0,0,0,0,0,0,0,0,0,0,0,0,0,0,0,0,0,0,0,0,0,0,0,0,0,0,0
49,"Grid 6x6 with obstacles [(0, 4), (1, 5), (2, 2), (2, 5), (5, 4), (5, 5)]. Start (2, 0) goal (4, 2). Respond with moves using U, D, L, R only, no spaces.",RRDD,"R,U,R,U,L,U,L,D,U",0,0,0.0,1,1,0,0,288.0815469998197,False,9,4,2.25,435.94617372265384,2948.67578125,pre_replay,False,0.0,0,0.0,0,0,0,0,0,0.0,0,0.0,0,0,0,0,0,0.0,0,0.0,0,0,0,0,0,0,0,0,0,0,0,0,0,0,0,0,0,0,0,0,0,0,0,0,0,0,0,0,0,0,0,0
