idx,prompt,answer,pred,correct,latency_ms,time_ms_per_100,rss_mb,flags,gating_enabled,retrieval.episodic.avg_latency_ms,retrieval.episodic.hit_rate_at_k,retrieval.episodic.hits,retrieval.episodic.requests,retrieval.episodic.tokens_returned,retrieval.episodic.total_k,retrieval.relational.avg_latency_ms,retrieval.relational.hit_rate_at_k,retrieval.relational.hits,retrieval.relational.requests,retrieval.relational.tokens_returned,retrieval.relational.total_k,retrieval.spatial.avg_latency_ms,retrieval.spatial.hit_rate_at_k,retrieval.spatial.hits,retrieval.spatial.requests,retrieval.spatial.tokens_returned,retrieval.spatial.total_k,gates.relational.accepts,gates.relational.aggregated,gates.relational.attempts,gates.relational.blocked_new_edges,gates.relational.inserted,gates.relational.routed_to_episodic,gates.spatial.accepts,gates.spatial.aggregated,gates.spatial.attempts,gates.spatial.blocked_new_edges,gates.spatial.inserted,gates.spatial.routed_to_episodic
0,Carol saw at the Park on Thursday. Where was Carol?,the Park,Park,0,403.80706599989935,296.8467588424417,1801.37109375,pre_replay,False,0.0,0.0,0,0,0,0,0.0,0.0,0,0,0,0,0.0,0.0,0,0,0,0,0,0,0,0,0,0,0,0,0,0,0,0
1,Bob helped at the Cafe on Thursday. When was Bob at the Cafe?,Thursday,Thursday.,0,96.75023099998725,296.8467588424417,1801.37109375,pre_replay,False,0.0,0.0,0,0,0,0,0.0,0.0,0,0,0,0,0.0,0.0,0,0,0,0,0,0,0,0,0,0,0,0,0,0,0,0
2,Carol found at the Mall on Wednesday. Who was at the Mall?,Carol,Carol,1,70.60775100012506,296.8467588424417,1801.37109375,pre_replay,False,0.0,0.0,0,0,0,0,0.0,0.0,0,0,0,0,0.0,0.0,0,0,0,0,0,0,0,0,0,0,0,0,0,0,0,0
3,Dave saw at the Library on Wednesday. When was Dave at the Library?,Wednesday,Wednesday,1,69.63778499994078,296.8467588424417,1801.37109375,pre_replay,False,0.0,0.0,0,0,0,0,0.0,0.0,0,0,0,0,0.0,0.0,0,0,0,0,0,0,0,0,0,0,0,0,0,0,0,0
4,Alice met at the Cafe on Thursday. Who was at the Cafe?,Alice,Alice.,0,95.85000800007037,296.8467588424417,1801.37109375,pre_replay,False,0.0,0.0,0,0,0,0,0.0,0.0,0,0,0,0,0.0,0.0,0,0,0,0,0,0,0,0,0,0,0,0,0,0,0,0
5,Bob met at the Park on Tuesday. When was Bob at the Park?,Tuesday,Tuesday.,0,98.93861999989895,296.8467588424417,1801.37109375,pre_replay,False,0.0,0.0,0,0,0,0,0.0,0.0,0,0,0,0,0.0,0.0,0,0,0,0,0,0,0,0,0,0,0,0,0,0,0,0
6,Carol met at the Park on Thursday. What did Carol do?,met,met at the Park on Thursday.,0,220.8659489999718,296.8467588424417,1801.37109375,pre_replay,False,0.0,0.0,0,0,0,0,0.0,0.0,0,0,0,0,0.0,0.0,0,0,0,0,0,0,0,0,0,0,0,0,0,0,0,0
7,Carol saw at the Library on Tuesday. Who was at the Library?,Carol,Carol.,0,94.49957100014217,296.8467588424417,1801.37109375,pre_replay,False,0.0,0.0,0,0,0,0,0.0,0.0,0,0,0,0,0.0,0.0,0,0,0,0,0,0,0,0,0,0,0,0,0,0,0,0
8,Dave met at the Mall on Wednesday. Where was Dave?,the Mall,Mall,0,93.76046900001711,296.8467588424417,1801.37109375,pre_replay,False,0.0,0.0,0,0,0,0,0.0,0.0,0,0,0,0,0.0,0.0,0,0,0,0,0,0,0,0,0,0,0,0,0,0,0,0
9,Alice saw at the Park on Monday. What did Alice do?,saw,saw at the Park,0,165.59889400014072,296.8467588424417,1801.37109375,pre_replay,False,0.0,0.0,0,0,0,0,0.0,0.0,0,0,0,0,0.0,0.0,0,0,0,0,0,0,0,0,0,0,0,0,0,0,0,0
10,Carol met at the Library on Thursday. Where was Carol?,the Library,The Library.,0,120.57667299995956,296.8467588424417,1801.37109375,pre_replay,False,0.0,0.0,0,0,0,0,0.0,0.0,0,0,0,0,0.0,0.0,0,0,0,0,0,0,0,0,0,0,0,0,0,0,0,0
11,Alice found at the Park on Tuesday. Who was at the Park?,Alice,Alice,1,69.25167400004284,296.8467588424417,1801.37109375,pre_replay,False,0.0,0.0,0,0,0,0,0.0,0.0,0,0,0,0,0.0,0.0,0,0,0,0,0,0,0,0,0,0,0,0,0,0,0,0
12,Alice saw at the Park on Wednesday. What did Alice do?,saw,Saw at the Park.,0,189.14102400003685,296.8467588424417,1801.37109375,pre_replay,False,0.0,0.0,0,0,0,0,0.0,0.0,0,0,0,0,0.0,0.0,0,0,0,0,0,0,0,0,0,0,0,0,0,0,0,0
13,Dave helped at the Library on Tuesday. Where was Dave?,the Library,The Library.,0,118.5581340000681,296.8467588424417,1801.37109375,pre_replay,False,0.0,0.0,0,0,0,0,0.0,0.0,0,0,0,0,0.0,0.0,0,0,0,0,0,0,0,0,0,0,0,0,0,0,0,0
14,Dave saw at the Mall on Wednesday. Who was at the Mall?,Dave,Dave.,0,93.87533900007838,296.8467588424417,1801.37109375,pre_replay,False,0.0,0.0,0,0,0,0,0.0,0.0,0,0,0,0,0.0,0.0,0,0,0,0,0,0,0,0,0,0,0,0,0,0,0,0
15,Dave helped at the Park on Thursday. Where was Dave?,the Park,Park,0,73.0615800000578,296.8467588424417,1801.37109375,pre_replay,False,0.0,0.0,0,0,0,0,0.0,0.0,0,0,0,0,0.0,0.0,0,0,0,0,0,0,0,0,0,0,0,0,0,0,0,0
16,Dave found at the Mall on Tuesday. Where was Dave?,the Mall,Mall,0,93.75338900008501,296.8467588424417,1801.37109375,pre_replay,False,0.0,0.0,0,0,0,0,0.0,0.0,0,0,0,0,0.0,0.0,0,0,0,0,0,0,0,0,0,0,0,0,0,0,0,0
17,Alice found at the Cafe on Wednesday. Who was at the Cafe?,Alice,Alice,1,69.83576700008598,296.8467588424417,1801.37109375,pre_replay,False,0.0,0.0,0,0,0,0,0.0,0.0,0,0,0,0,0.0,0.0,0,0,0,0,0,0,0,0,0,0,0,0,0,0,0,0
18,Dave saw at the Cafe on Thursday. What did Dave do?,saw,saw at the Cafe on Thursday.,0,240.5719930000032,296.8467588424417,1801.37109375,pre_replay,False,0.0,0.0,0,0,0,0,0.0,0.0,0,0,0,0,0.0,0.0,0,0,0,0,0,0,0,0,0,0,0,0,0,0,0,0
19,Bob helped at the Cafe on Thursday. What did Bob do?,helped,Helped at the Cafe.,0,191.61379399997713,296.8467588424417,1801.37109375,pre_replay,False,0.0,0.0,0,0,0,0,0.0,0.0,0,0,0,0,0.0,0.0,0,0,0,0,0,0,0,0,0,0,0,0,0,0,0,0
20,Carol met at the Library on Monday. When was Carol at the Library?,Monday,Monday.,0,97.2218229999271,296.8467588424417,1801.37109375,pre_replay,False,0.0,0.0,0,0,0,0,0.0,0.0,0,0,0,0,0.0,0.0,0,0,0,0,0,0,0,0,0,0,0,0,0,0,0,0
21,Dave met at the Mall on Thursday. Who was at the Mall?,Dave,Dave was at the Mall.,0,191.9974170000387,296.8467588424417,1801.37109375,pre_replay,False,0.0,0.0,0,0,0,0,0.0,0.0,0,0,0,0,0.0,0.0,0,0,0,0,0,0,0,0,0,0,0,0,0,0,0,0
22,Bob saw at the Cafe on Thursday. When was Bob at the Cafe?,Thursday,Thursday.,0,94.31496100000913,296.8467588424417,1801.37109375,pre_replay,False,0.0,0.0,0,0,0,0,0.0,0.0,0,0,0,0,0.0,0.0,0,0,0,0,0,0,0,0,0,0,0,0,0,0,0,0
23,Carol helped at the Cafe on Thursday. Where was Carol?,the Cafe,Cafe,0,95.44610600005399,296.8467588424417,1801.37109375,pre_replay,False,0.0,0.0,0,0,0,0,0.0,0.0,0,0,0,0,0.0,0.0,0,0,0,0,0,0,0,0,0,0,0,0,0,0,0,0
24,Bob met at the Cafe on Wednesday. What did Bob do?,met,met at the Cafe on Wednesday.,0,214.9726439999995,296.8467588424417,1801.37109375,pre_replay,False,0.0,0.0,0,0,0,0,0.0,0.0,0,0,0,0,0.0,0.0,0,0,0,0,0,0,0,0,0,0,0,0,0,0,0,0
25,Alice saw at the Mall on Tuesday. Who was at the Mall?,Alice,Alice was at the Mall.,0,192.7638699999079,296.8467588424417,1801.37109375,pre_replay,False,0.0,0.0,0,0,0,0,0.0,0.0,0,0,0,0,0.0,0.0,0,0,0,0,0,0,0,0,0,0,0,0,0,0,0,0
26,Dave helped at the Mall on Thursday. What did Dave do?,helped,Helped at the Mall.,0,194.89364900005057,296.8467588424417,1801.37109375,pre_replay,False,0.0,0.0,0,0,0,0,0.0,0.0,0,0,0,0,0.0,0.0,0,0,0,0,0,0,0,0,0,0,0,0,0,0,0,0
27,Bob helped at the Park on Thursday. Who was at the Park?,Bob,Bob.,0,93.70417900004213,296.8467588424417,1801.37109375,pre_replay,False,0.0,0.0,0,0,0,0,0.0,0.0,0,0,0,0,0.0,0.0,0,0,0,0,0,0,0,0,0,0,0,0,0,0,0,0
28,Bob met at the Cafe on Thursday. Where was Bob?,the Cafe,Cafe,0,93.12605599984636,296.8467588424417,1801.37109375,pre_replay,False,0.0,0.0,0,0,0,0,0.0,0.0,0,0,0,0,0.0,0.0,0,0,0,0,0,0,0,0,0,0,0,0,0,0,0,0
29,Bob met at the Mall on Wednesday. When was Bob at the Mall?,Wednesday,Wednesday.,0,93.19571600008203,296.8467588424417,1801.37109375,pre_replay,False,0.0,0.0,0,0,0,0,0.0,0.0,0,0,0,0,0.0,0.0,0,0,0,0,0,0,0,0,0,0,0,0,0,0,0,0
30,Carol met at the Cafe on Monday. Who was at the Cafe?,Carol,Carol was at the Cafe.,0,192.3912280001332,296.8467588424417,1801.37109375,pre_replay,False,0.0,0.0,0,0,0,0,0.0,0.0,0,0,0,0,0.0,0.0,0,0,0,0,0,0,0,0,0,0,0,0,0,0,0,0
31,Dave found at the Mall on Thursday. What did Dave do?,found,Found at the Mall on Thursday.,0,215.70689800000764,296.8467588424417,1801.37109375,pre_replay,False,0.0,0.0,0,0,0,0,0.0,0.0,0,0,0,0,0.0,0.0,0,0,0,0,0,0,0,0,0,0,0,0,0,0,0,0
32,Bob saw at the Cafe on Thursday. What did Bob do?,saw,saw at the Cafe,0,166.43555799987553,296.8467588424417,1801.37109375,pre_replay,False,0.0,0.0,0,0,0,0,0.0,0.0,0,0,0,0,0.0,0.0,0,0,0,0,0,0,0,0,0,0,0,0,0,0,0,0
33,Bob found at the Library on Monday. What did Bob do?,found,Found at the Library on Monday.,0,216.22887900002752,296.8467588424417,1801.37109375,pre_replay,False,0.0,0.0,0,0,0,0,0.0,0.0,0,0,0,0,0.0,0.0,0,0,0,0,0,0,0,0,0,0,0,0,0,0,0,0
34,Dave helped at the Cafe on Wednesday. Where was Dave?,the Cafe,Cafe,0,94.8986739999782,296.8467588424417,1801.37109375,pre_replay,False,0.0,0.0,0,0,0,0,0.0,0.0,0,0,0,0,0.0,0.0,0,0,0,0,0,0,0,0,0,0,0,0,0,0,0,0
35,Dave helped at the Park on Monday. Where was Dave?,the Park,The Park.,0,120.6896430001052,296.8467588424417,1801.37109375,pre_replay,False,0.0,0.0,0,0,0,0,0.0,0.0,0,0,0,0,0.0,0.0,0,0,0,0,0,0,0,0,0,0,0,0,0,0,0,0
36,Bob met at the Cafe on Monday. When was Bob at the Cafe?,Monday,Monday.,0,93.54231800011803,296.8467588424417,1801.37109375,pre_replay,False,0.0,0.0,0,0,0,0,0.0,0.0,0,0,0,0,0.0,0.0,0,0,0,0,0,0,0,0,0,0,0,0,0,0,0,0
37,Alice found at the Cafe on Monday. When was Alice at the Cafe?,Monday,Monday.,0,93.00083599987374,296.8467588424417,1801.37109375,pre_replay,False,0.0,0.0,0,0,0,0,0.0,0.0,0,0,0,0,0.0,0.0,0,0,0,0,0,0,0,0,0,0,0,0,0,0,0,0
38,Carol found at the Library on Monday. When was Carol at the Library?,Monday,Monday.,0,95.60136699997202,296.8467588424417,1801.37109375,pre_replay,False,0.0,0.0,0,0,0,0,0.0,0.0,0,0,0,0,0.0,0.0,0,0,0,0,0,0,0,0,0,0,0,0,0,0,0,0
39,Carol helped at the Cafe on Tuesday. What did Carol do?,helped,helped at the Cafe,0,168.25397499997052,296.8467588424417,1801.37109375,pre_replay,False,0.0,0.0,0,0,0,0,0.0,0.0,0,0,0,0,0.0,0.0,0,0,0,0,0,0,0,0,0,0,0,0,0,0,0,0
40,Dave saw at the Library on Tuesday. Where was Dave?,the Library,Library,0,72.39496800002598,296.8467588424417,1801.37109375,pre_replay,False,0.0,0.0,0,0,0,0,0.0,0.0,0,0,0,0,0.0,0.0,0,0,0,0,0,0,0,0,0,0,0,0,0,0,0,0
41,Carol saw at the Library on Thursday. Where was Carol?,the Library,Library,0,70.12213899997732,296.8467588424417,1801.37109375,pre_replay,False,0.0,0.0,0,0,0,0,0.0,0.0,0,0,0,0,0.0,0.0,0,0,0,0,0,0,0,0,0,0,0,0,0,0,0,0
42,Carol found at the Park on Tuesday. Who was at the Park?,Carol,Carol,1,69.26276400008646,296.8467588424417,1801.37109375,pre_replay,False,0.0,0.0,0,0,0,0,0.0,0.0,0,0,0,0,0.0,0.0,0,0,0,0,0,0,0,0,0,0,0,0,0,0,0,0
43,Bob saw at the Library on Monday. Who was at the Library?,Bob,Bob.,0,95.58844699995461,296.8467588424417,1801.37109375,pre_replay,False,0.0,0.0,0,0,0,0,0.0,0.0,0,0,0,0,0.0,0.0,0,0,0,0,0,0,0,0,0,0,0,0,0,0,0,0
44,Alice helped at the Library on Monday. When was Alice at the Library?,Monday,Monday.,0,94.52842199993938,296.8467588424417,1801.37109375,pre_replay,False,0.0,0.0,0,0,0,0,0.0,0.0,0,0,0,0,0.0,0.0,0,0,0,0,0,0,0,0,0,0,0,0,0,0,0,0
45,Dave found at the Cafe on Tuesday. What did Dave do?,found,Found at the Cafe on Tuesday.,0,218.8468509998529,296.8467588424417,1801.37109375,pre_replay,False,0.0,0.0,0,0,0,0,0.0,0.0,0,0,0,0,0.0,0.0,0,0,0,0,0,0,0,0,0,0,0,0,0,0,0,0
46,Bob met at the Library on Monday. Where was Bob?,the Library,Library.,0,94.31720199995652,296.8467588424417,1801.37109375,pre_replay,False,0.0,0.0,0,0,0,0,0.0,0.0,0,0,0,0,0.0,0.0,0,0,0,0,0,0,0,0,0,0,0,0,0,0,0,0
47,Carol met at the Park on Thursday. Where was Carol?,the Park,Park,0,69.22334399996544,296.8467588424417,1801.37109375,pre_replay,False,0.0,0.0,0,0,0,0,0.0,0.0,0,0,0,0,0.0,0.0,0,0,0,0,0,0,0,0,0,0,0,0,0,0,0,0
48,Carol helped at the Cafe on Wednesday. Who was at the Cafe?,Carol,Carol.,0,94.18962099994133,296.8467588424417,1801.37109375,pre_replay,False,0.0,0.0,0,0,0,0,0.0,0.0,0,0,0,0,0.0,0.0,0,0,0,0,0,0,0,0,0,0,0,0,0,0,0,0
49,Dave helped at the Library on Thursday. Who was at the Library?,Dave,Dave.,0,93.1125360000351,296.8467588424417,1801.37109375,pre_replay,False,0.0,0.0,0,0,0,0,0.0,0.0,0,0,0,0,0.0,0.0,0,0,0,0,0,0,0,0,0,0,0,0,0,0,0,0
